message,actual_label,predicted_label,correct
"Good morning, my Love ... I go to sleep now and wish you a great day full of feeling better and opportunity ... You are my last thought babe, I LOVE YOU *kiss*",ham,ham,True
"And how you will do that, princess? :)",ham,ham,True
Nope. Meanwhile she talk say make i greet you.,ham,ham,True
Designation is software developer and may be she get chennai:),ham,ham,True
Aiya we discuss later lar... Pick Ì_ up at 4 is it?,ham,ham,True
"Piggy, r u awake? I bet u're still sleeping. I'm going 4 lunch now...",ham,ham,True
S but not able to sleep.,ham,ham,True
Yes. Please leave at  &lt;#&gt; . So that at  &lt;#&gt;  we can leave,ham,ham,True
hi baby im sat on the bloody bus at the mo and i wont be home until about 7:30 wanna do somethin later? call me later ortxt back jess xx,ham,ham,True
Yup... Hey then one day on fri we can ask miwa and jiayin take leave go karaoke ,ham,ham,True
Just nw i came to hme da..,ham,ham,True
"Bill, as in: Are there any letters for me. iÛªm expecting one from orange that isnÛªt a bill but may still say orange on it.",ham,ham,True
Nothing just getting msgs by dis name wit different no's..,ham,ham,True
I'm thinking that chennai forgot to come for auction..,ham,ham,True
"Hi , where are you? We're at  and they're not keen to go out i kind of am but feel i shouldn't so can we go out tomo, don't mind do you?",ham,ham,True
Uhhhhrmm isnt having tb test bad when youre sick,ham,ham,True
Yes. Rent is very expensive so its the way we save.,ham,ham,True
K. Did you call me just now ah? ,ham,spam,False
Neshanth..tel me who r u?,ham,ham,True
No dear i was sleeping :-P,ham,ham,True
"Ok thats cool. Its , just off either raglan rd or edward rd. Behind the cricket ground. Gimme ring when ur closeby see you tuesday.",ham,ham,True
Should I head straight there or what,ham,ham,True
I to am looking forward to all the sex cuddling.. Only two more sleeps ,ham,ham,True
Just got to  &lt;#&gt;,ham,ham,True
Ok... Take ur time n enjoy ur dinner...,ham,ham,True
"Also north carolina and texas atm, you would just go to the gre site and pay for the test results to be sent.",ham,ham,True
Omg you can make a wedding chapel in frontierville? Why do they get all the good stuff?,ham,ham,True
" says that he's quitting at least5times a day so i wudn't take much notice of that. Nah, she didn't mind. Are you gonna see him again? Do you want to come to taunton tonight? U can tell me all about !",ham,ham,True
"\BOO BABE! U ENJOYIN YOURJOB? U SEEMED 2 B GETTIN ON WELL HUNNY!HOPE URE OK?TAKE CARE & IåÕLLSPEAK 2U SOONLOTS OF LOVEME XXXX.\""""",ham,ham,True
Great to hear you are settling well. So what's happenin wit ola?,ham,ham,True
Ok i found dis pierre cardin one which looks normal costs 20 its on sale.,ham,ham,True
Well. Im computerless. Time to make some oreo truffles,ham,ham,True
What???? Hello wats talks email address?,ham,ham,True
Detroit. The home of snow. Enjoy it.,ham,ham,True
Guess who spent all last night phasing in and out of the fourth dimension,ham,ham,True
S:-)kallis wont play in first two odi:-),ham,ham,True
"Good afternoon sexy buns! How goes the job search ? I wake and you are my first thought as always, my love. I wish your fine and happy and know I adore you!",ham,ham,True
No got new job at bar in airport on satsgettin 4.47per hour but means no lie in! keep in touch,ham,ham,True
What happen dear. Why you silent. I am tensed,ham,ham,True
Er yep sure. Props?,ham,ham,True
K.then any other special?,ham,ham,True
K..k:)how about your training process?,ham,ham,True
Please reserve ticket on saturday eve from chennai to thirunelvali and again from tirunelvali to chennai on sunday eve...i already see in net..no ticket available..i want to book ticket through tackle ..,ham,ham,True
In sch but neva mind u eat 1st lor..,ham,ham,True
"Don't worry though, I understand how important it is that I be put in my place with a poorly thought out punishment in the face of the worst thing that has ever happened to me. Brb gonna go kill myself",ham,ham,True
"Tick, tick, tick .... Where are you ? I could die of loneliness you know ! *pouts* *stomps feet* I need you ...",ham,ham,True
"Yeah hopefully, if tyler can't do it I could maybe ask around a bit",ham,ham,True
And do you have any one that can teach me how to ship cars.,ham,ham,True
"sry can't talk on phone, with parents",ham,ham,True
THANX 4 PUTTIN DA FONE DOWN ON ME!!,ham,ham,True
"Honey ? Sweetheart ? Darling ? Sexy buns ? Sugar plum ? Loverboy ? I miss you, boytoy ... *smacks your ass* Did you go to the gym too ?",ham,ham,True
"K.. I yan jiu liao... Sat we can go 4 bugis vill one frm 10 to 3 den hop to parco 4 nb. Sun can go cine frm 1030 to 2, den hop to orc mrt 4 hip hop at 4...",ham,ham,True
See? I thought it all through,ham,ham,True
"HI HUN! IM NOT COMIN 2NITE-TELL EVERY1 IM SORRY 4 ME, HOPE U AVA GOODTIME!OLI RANG MELNITE IFINK IT MITE B SORTED,BUT IL EXPLAIN EVERYTHIN ON MON.L8RS.x",ham,ham,True
K:)eng rocking in ashes:),ham,ham,True
I am hot n horny and willing I live local to you - text a reply to hear strt back from me 150p per msg Netcollex LtdHelpDesk: 02085076972 reply Stop to end,spam,spam,True
He's an adult and would learn from the experience. There's no real danger. I just dont like peeps using drugs they dont need. But no comment,ham,ham,True
"Chinatown got porridge, claypot rice, yam cake, fishhead beehoon... Either we eat cheap den go cafe n tok or go nydc or somethin...",ham,ham,True
Yar else i'll thk of all sorts of funny things.,ham,ham,True
Hi baby ive just got back from work and i was wanting to see u allday! I hope i didnt piss u off on the phone today. If u are up give me a call xxx,ham,ham,True
And maybe some pressies,ham,ham,True
Happy new year to u too!,ham,ham,True
"I had been hoping i would not have to send you this message. My rent is due and i dont have enough for it. My reserves are completely gone. Its a loan i need and was hoping you could her. The balance is  &lt;#&gt; . Is there a way i could get that from you, till mid march when i hope to pay back.",ham,ham,True
"\Happy valentines day\"" I know its early but i have hundreds of handsomes and beauties to wish. So i thought to finish off aunties and uncles 1st...""",ham,ham,True
"Hi, can i please get a  &lt;#&gt;  dollar loan from you. I.ll pay you back by mid february. Pls.",ham,ham,True
Hi.what you think about match?,ham,ham,True
Eat at old airport road... But now 630 oredi... Got a lot of pple...,ham,ham,True
"I sent you the prices and do you mean the  &lt;#&gt; g,",ham,ham,True
I was slept that time.you there?,ham,ham,True
"If we hit it off, you can move in with me :)",ham,ham,True
U should make a fb list,ham,ham,True
Your unique user ID is 1172. For removal send STOP to 87239 customer services 08708034412,spam,spam,True
Nice talking to you! please dont forget my pix :) i want to see all of you...,ham,ham,True
Will it help if we propose going back again tomorrow,ham,ham,True
How much are we getting?,ham,ham,True
Then u ask darren go n pick u lor... But i oso sian tmr haf 2 meet lect...,ham,ham,True
"No dude, its not fake..my frnds got money, thts y i'm reffering u..if u member wit my mail link, u vl be credited  &lt;#&gt; rs and il be getiing  &lt;#&gt; rs..i can draw my acc wen it is  &lt;#&gt; rs..",ham,ham,True
Yes... I trust u to buy new stuff ASAP so I can try it out,ham,ham,True
Ha ha cool cool chikku chikku:-):-DB-),ham,ham,True
Thanks for the Vote. Now sing along with the stars with Karaoke on your mobile. For a FREE link just reply with SING now.,spam,spam,True
Why you keeping me away like this,ham,ham,True
"FRAN I DECIDED 2 GO N E WAY IM COMPLETELY BROKE AN KNACKERED I GOT UP BOUT 3 C U 2MRW LOVE JANX P.S THIS IS MY DADS FONE, -NO CREDIT",ham,ham,True
Watching telugu movie..wat abt u?,ham,ham,True
Is ur changes 2 da report big? Cos i've already made changes 2 da previous report.,ham,ham,True
what I meant to say is cant wait to see u again getting bored of this bridgwater banter,ham,ham,True
You getting back any time soon?,ham,ham,True
Probably gonna swing by in a wee bit,ham,ham,True
Can you let me know details of fri when u find out cos I'm not in tom or fri. mentionned chinese. Thanks,ham,ham,True
"Yeah we wouldn't leave for an hour at least, how's 4 sound?",ham,ham,True
He remains a bro amongst bros,ham,ham,True
En chikku nange bakra msg kalstiya..then had tea/coffee?,ham,ham,True
I keep ten rs in my shelf:) buy two egg.,ham,ham,True
"Wn u r hurt by d prsn who s close 2 u, do fight wit dem. Coz somtimes dis fight saves a relation bt being quiet leaves nothin in a relation.. Gud eveB-)",ham,ham,True
I agree. So i can stop thinkin about ipad. Can you please ask macho the same question.,ham,ham,True
"What will we do in the shower, baby?",ham,ham,True
Want explicit SEX in 30 secs? Ring 02073162414 now! Costs 20p/min Gsex POBOX 2667 WC1N 3XX,spam,spam,True
My superior telling that friday is leave for all other department except ours:)so it will be leave for you:)any way call waheed fathima hr and conform it:),ham,ham,True
"Well imma definitely need to restock before thanksgiving, I'll let you know when I'm out",ham,ham,True
May b approve panalam...but it should have more posts..,ham,ham,True
I will be gentle baby! Soon you will be taking all  &lt;#&gt;  inches deep inside your tight pussy...,ham,ham,True
Prof: you have passed in all the papers in this sem congrats . . . . Student: Enna kalaachutaarama..!! Prof:???? Gud mrng!,ham,ham,True
Come aftr  &lt;DECIMAL&gt; ..now i m cleaning the house,ham,ham,True
"Someone has contacted our dating service and entered your phone becausethey fancy you! To find out who it is call from a landline 09058098002. PoBox1, W14RG 150p",spam,spam,True
I have 2 docs appointments next week.:/ I'm tired of them shoving stuff up me. Ugh why couldn't I have had a normal body?,ham,ham,True
"Ugh y can't u just apologize, admit u were wrong and ask me to take u back?",ham,ham,True
You will recieve your tone within the next 24hrs. For Terms and conditions please see Channel U Teletext Pg 750,spam,ham,False
Ya but it cant display internal subs so i gotta extract them,ham,ham,True
I reach home safe n sound liao...,ham,ham,True
Todays Vodafone numbers ending with 4882 are selected to a receive a å£350 award. If your number matches call 09064019014 to receive your å£350 award.,spam,spam,True
K...k...when will you give treat?,ham,ham,True
i dnt wnt to tlk wid u,ham,ham,True
Let Ur Heart Be Ur Compass Ur Mind Ur Map Ur Soul Ur Guide And U Will Never loose in world....gnun - Sent via WAY2SMS.COM,ham,ham,True
Send a logo 2 ur lover - 2 names joined by a heart. Txt LOVE NAME1 NAME2 MOBNO eg LOVE ADAM EVE 07123456789 to 87077 Yahoo! POBox36504W45WQ TxtNO 4 no ads 150p.,spam,spam,True
2 laptop... I noe infra but too slow lar... I wan fast one,ham,ham,True
Did u got that persons story,ham,ham,True
Feel like trying kadeem again? :V,ham,ham,True
Good morning princess! Have a great day!,ham,ham,True
Pls come quick cant bare this.,ham,ham,True
"Brainless Baby Doll..:-D;-), vehicle sariyag drive madoke barolla..",ham,ham,True
Can not use foreign stamps in this country. Good lecture .,ham,ham,True
K.:)you are the only girl waiting in reception ah?,ham,ham,True
"WELL DONE! Your 4* Costa Del Sol Holiday or å£5000 await collection. Call 09050090044 Now toClaim. SAE, TCs, POBox334, Stockport, SK38xh, Costå£1.50/pm, Max10mins",spam,spam,True
"idc get over here, you are not weaseling your way out of this shit twice in a row",ham,ham,True
Well obviously not because all the people in my cool college life went home ;_;,ham,ham,True
"Don't Think About \What u Have Got\"" Think About \""How to Use It That You Have Got\"" gooD ni8""",ham,ham,True
"Congrats! 1 year special cinema pass for 2 is yours. call 09061209465 now! C Suprman V, Matrix3, StarWars3, etc all 4 FREE! bx420-ip4-5we. 150pm. Dont miss out!",spam,spam,True
Mum not going robinson already.,ham,ham,True
I'm reaching home in 5 min.,ham,ham,True
Did you stitch his trouser,ham,ham,True
Carlos says he'll be at mu in  &lt;#&gt;  minutes,ham,ham,True
 &lt;DECIMAL&gt; m but its not a common car here so its better to buy from china or asia. Or if i find it less expensive. I.ll holla,ham,ham,True
"No my blankets are sufficient, thx",ham,ham,True
"Come to me right now, Ahmad",ham,ham,True
Take some small dose tablet for fever,ham,ham,True
I only work from mon to thurs but Sat i cant leh... Booked liao... Which other day u free?,ham,ham,True
Was the farm open?,ham,ham,True
I love ya too but try and budget your money better babe. Gary would freak on me if he knew,ham,ham,True
Ugh I don't wanna get out of bed. It's so warm.,ham,ham,True
Hey mr whats the name of that bill brison book the one about language and words ,ham,ham,True
"That's fine, have him give me a call if he knows what he wants or has any questions",ham,ham,True
I called but no one pick up e phone. I ask both of them already they said ok.,ham,ham,True
URGENT! We are trying to contact you. Last weekends draw shows that you have won a å£900 prize GUARANTEED. Call 09061701851. Claim code K61. Valid 12hours only,spam,spam,True
Spoons it is then okay?,ham,ham,True
Miles and smiles r made frm same letters but do u know d difference..? smile on ur face keeps me happy even though I am miles away from u.. :-)keep smiling.. Good nyt,ham,ham,True
"I didnt get ur full msg..sometext is missing, send it again",ham,ham,True
There are many company. Tell me the language.,ham,ham,True
"No we put party 7 days a week and study lightly, I think we need to draw in some custom checkboxes so they know we're hardcore",ham,ham,True
:-( that's not v romantic!,ham,ham,True
"Lol you forgot it eh ? Yes, I'll bring it in babe",ham,ham,True
I place all ur points on e cultures module already.,ham,ham,True
"ItÛ÷s reassuring, in this crazy world.",ham,ham,True
UR GOING 2 BAHAMAS! CallFREEFONE 08081560665 and speak to a live operator to claim either Bahamas cruise ofå£2000 CASH 18+only. To opt out txt X to 07786200117,spam,spam,True
Ok i wont call or disturb any one. I know all are avoiding me. I am a burden for all,ham,ham,True
What is the plural of the noun research?,ham,ham,True
What type of stuff do you sing?,ham,ham,True
"Hey elaine, is today's meeting still on?",ham,ham,True
THIS IS A LONG FUCKIN SHOWR,ham,ham,True
hows my favourite person today? r u workin hard? couldn't sleep again last nite nearly rang u at 4.30,ham,ham,True
"By the way, make sure u get train to worc foregate street not shrub hill. Have fun night x",ham,ham,True
Cant think of anyone with * spare room off * top of my head,ham,ham,True
"Hi babe its Jordan, how r u? Im home from abroad and lonely, text me back if u wanna chat xxSP visionsms.com Text stop to stopCost 150p 08712400603",spam,spam,True
Hello which the site to download songs its urgent pls,ham,ham,True
Then. You are eldest know.,ham,ham,True
"SMSSERVICES. for yourinclusive text credits, pls goto www.comuk.net login= 3qxj9 unsubscribe with STOP, no extra charge. help 08702840625.COMUK. 220-CM2 9AE",spam,spam,True
"Do 1 thing! Change that sentence into: \Because i want 2 concentrate in my educational career im leaving here..\""""",ham,ham,True
So when do you wanna gym harri,ham,ham,True
8007 25p 4 Alfie Moon's Children in Need song on ur mob. Tell ur m8s. Txt TONE CHARITY to 8007 for nokias or POLY CHARITY for polys :zed 08701417012 profit 2 charity ,spam,spam,True
Will you be here for food,ham,ham,True
Hi if ur lookin 4 saucy daytime fun wiv busty married woman Am free all next week Chat now 2 sort time 09099726429 JANINExx Callså£1/minMobsmoreLKPOBOX177HP51FL,spam,spam,True
Remember to ask alex about his pizza,ham,ham,True
When Ì_ login dat time... Dad fetching Ì_ home now?,ham,ham,True
The message sent is askin for  &lt;#&gt; dollars. Shoul i pay  &lt;#&gt;  or  &lt;#&gt; ?,ham,ham,True
Ha... Both of us doing e same thing. But i got tv 2 watch. U can thk of where 2 go tonight or u already haf smth in mind...,ham,ham,True
"Yo, you gonna still be in stock tomorrow/today? I'm trying to get a dubsack",ham,ham,True
"TheMob>Hit the link to get a premium Pink Panther game, the new no. 1 from Sugababes, a crazy Zebra animation or a badass Hoody wallpaper-all 4 FREE!",spam,spam,True
How are you holding up?,ham,ham,True
I sent you  &lt;#&gt;  bucks,ham,ham,True
Hey what are you doing. Y no reply pa..,ham,ham,True
I might come to kerala for 2 days.so you can be prepared to take a leave once i finalise .dont plan any travel during my visit.need to finish urgent works.,ham,ham,True
Oh k...i'm watching here:),ham,ham,True
Armand says get your ass over to epsilon,ham,ham,True
Pls give her prometazine syrup. 5mls then  &lt;#&gt; mins later feed.,ham,ham,True
You are awarded a SiPix Digital Camera! call 09061221061 from landline. Delivery within 28days. T Cs Box177. M221BP. 2yr warranty. 150ppm. 16 . p på£3.99,spam,spam,True
"Actually, my mobile is full of msg. And i m doing a work online, where i need to send them  &lt;#&gt;  sent msg i wil explain u later.",ham,ham,True
"Can you please ask macho what his price range is, does he want something new or used plus it he only interfued in the blackberry bold  &lt;#&gt;  or any bb",ham,ham,True
"Haha awesome, I might need to take you up on that, what you doin tonight?",ham,ham,True
Huh so slow i tot u reach long ago liao... U 2 more days only i 4 more leh...,ham,ham,True
Hey morning what you come to ask:-) pa...,ham,ham,True
Hello boytoy ! Geeee ... I'm missing you today. I like to send you a tm and remind you I'm thinking of you ... And you are loved ... *loving kiss*,ham,ham,True
Yes there were many sweets,ham,ham,True
Oh oh... Den muz change plan liao... Go back have to yan jiu again...,ham,ham,True
\Wen u miss someone,ham,ham,True
"Good afternoon, my love! How goes that day ? I hope maybe you got some leads on a job. I think of you, boytoy and send you a passionate kiss from across the sea",ham,ham,True
If anyone calls for a treadmill say you'll buy it. Make sure its working. I found an ad on Craigslist selling for $ &lt;#&gt; .,ham,ham,True
"What i mean was i left too early to check, cos i'm working a 9-6.",ham,ham,True
"Fuck babe ... I miss you already, you know ? Can't you let me send you some money towards your net ? I need you ... I want you ... I crave you ...",ham,ham,True
K.i will send in  &lt;#&gt;  min:),ham,ham,True
"MOON has come to color your dreams, STARS to make them musical and my SMS to give you warm and Peaceful Sleep. Good Night",ham,ham,True
great princess! I love giving and receiving oral. Doggy style is my fave position. How about you? I enjoy making love  &lt;#&gt;  times per night :),ham,ham,True
"I noe la... U wana pei bf oso rite... K lor, other days den...",ham,ham,True
I think that tantrum's finished so yeah I'll be by at some point,ham,ham,True
"No, but you told me you were going, before you got drunk!",ham,ham,True
Have you not finished work yet or something?,ham,ham,True
You have won a guaranteed å£200 award or even å£1000 cashto claim UR award call free on 08000407165 (18+) 2 stop getstop on 88222 PHP,spam,spam,True
Okay... I booked all already... Including the one at bugis.,ham,ham,True
As a registered optin subscriber ur draw 4 å£100 gift voucher will be entered on receipt of a correct ans to 80062 Whats No1 in the BBC charts,spam,spam,True
Same as u... Dun wan... Y u dun like me already ah... Wat u doing now? Still eating?,ham,ham,True
"Finally it has happened..! Aftr decades..! BEER is now cheaper than PETROL! The goverment expects us to \DRINK\"". . . But don't \""DRIVE \""""",ham,ham,True
"Dear Voucher Holder, 2 claim this weeks offer, at your PC go to http://www.e-tlp.co.uk/expressoffer Ts&Cs apply.2 stop texts txt STOP to 80062.",spam,spam,True
I just made some payments so dont have that much. Sorry. Would you want it fedex or the other way.,ham,ham,True
Well at this right I'm gonna have to get up and check today's steam sales/pee so text me when you want me to come get you,ham,ham,True
Pls clarify back if an open return ticket that i have can be preponed for me to go back to kerala.,ham,ham,True
Even my brother is not like to speak with me. They treat me like aids patent.,ham,ham,True
Shall i get my pouch?,ham,ham,True
ARE YOU IN TOWN? THIS IS V. IMPORTANT,ham,ham,True
"Why is that, princess? I bet the brothas are all chasing you!",ham,ham,True
Hai priya are you right. What doctor said pa. Where are you.,ham,ham,True
Hurt me... Tease me... Make me cry... But in the end of my life when i die plz keep one rose on my grave and say STUPID I MISS U.. HAVE A NICE DAY BSLVYL,ham,ham,True
I got to video tape pple type in message lor. U so free wan 2 help me? Hee... Cos i noe u wan 2 watch infernal affairs so ask u along. Asking shuhui oso.,ham,ham,True
The hair cream has not been shipped.,ham,ham,True
"Sorry I flaked last night, shit's seriously goin down with my roommate, what you up to tonight?",ham,ham,True
"Only just got this message, not ignoring you. Yes, i was. Shopping that is",ham,ham,True
"Hey sweet, I was wondering when you had a moment if you might come to me ? I want to send a file to someone but it won't go over yahoo for them because their connection sucks, remember when you set up that page for me to go to and download the format disc ? Could you tell me how to do that ? Or do you know some other way to download big files ? Because they can download stuff directly from the internet. Any help would be great, my prey ... *teasing kiss*",ham,ham,True
Guess what! Somebody you know secretly fancies you! Wanna find out who it is? Give us a call on 09065394973 from Landline DATEBox1282EssexCM61XN 150p/min 18,spam,spam,True
Babe ? I lost you ... Will you try rebooting ?,ham,ham,True
Let's pool our money together and buy a bunch of lotto tickets. If we win I get &lt;#&gt; % u get &lt;#&gt; %. Deal?,ham,ham,True
"We spend our days waiting for the ideal path to appear in front of us.. But what we forget is.. \paths are made by walking.. not by waiting..\"" Goodnight!""",ham,ham,True
I notice you like looking in the shit mirror youre turning into a right freak,ham,ham,True
Lol I know! Hey someone did a great inpersonation of flea on the forums. I love it!,ham,ham,True
Just re read it and I have no shame but tell me how he takes it and if he runs I will blame u 4 ever!! Not really 4 ever just a long time ,ham,ham,True
ASKED 3MOBILE IF 0870 CHATLINES INCLU IN FREE MINS. INDIA CUST SERVs SED YES. L8ER GOT MEGA BILL. 3 DONT GIV A SHIT. BAILIFF DUE IN DAYS. I O å£250 3 WANT å£800,spam,spam,True
I've told you everything will stop. Just dont let her get dehydrated.,ham,ham,True
"Aight, call me once you're close",ham,ham,True
"Life is more strict than teacher... Bcoz Teacher teaches lesson &amp; then conducts exam, But Life first conducts Exam &amp; then teaches Lessons. Happy morning. . .",ham,ham,True
Tell me they're female :V how're you throwing in? We're deciding what all to get now,ham,ham,True
Bull. Your plan was to go floating off to IKEA with me without a care in the world. So i have to live with your mess another day.,ham,ham,True
Fwiw the reason I'm only around when it's time to smoke is that because of gas I can only afford to be around when someone tells me to be and that apparently only happens when somebody wants to light up,ham,ham,True
Hmmm.still we dont have opener?,ham,ham,True
I'm now but have to wait till 2 for the bus to pick me.,ham,ham,True
"Customer service announcement. We recently tried to make a delivery to you but were unable to do so, please call 07099833605 to re-schedule. Ref:9280114",spam,spam,True
I dont. Can you send it to me. Plus how's mode.,ham,ham,True
Someonone you know is trying to contact you via our dating service! To find out who it could be call from your mobile or landline 09064015307 BOX334SK38ch ,spam,spam,True
Ok Chinese food on its way. When I get fat you're paying for my lipo.,ham,ham,True
Ok darlin i supose it was ok i just worry too much.i have to do some film stuff my mate and then have to babysit again! But you can call me there.xx,ham,ham,True
Once free call me sir. I am waiting for you.,ham,spam,False
Have you got Xmas radio times. If not i will get it now,ham,ham,True
have you ever had one foot before?,ham,ham,True
I am waiting machan. Call me once you free.,ham,spam,False
Lol ok ill try to send. Be warned Sprint is dead slow. You'll prolly get it tomorrow,ham,ham,True
"Free msg. Sorry, a service you ordered from 81303 could not be delivered as you do not have sufficient credit. Please top up to receive the service.",spam,spam,True
Host-based IDPS for linux systems.,ham,ham,True
Realy sorry-i don't recognise this number and am now confused :) who r u please?! ,ham,ham,True
We tried to call you re your reply to our sms for a video mobile 750 mins UNLIMITED TEXT + free camcorder Reply of call 08000930705 Now,spam,spam,True
Da my birthdate in certificate is in april but real date is today. But dont publish it. I shall give you a special treat if you keep the secret. Any way thanks for the wishes,ham,ham,True
What you thinked about me. First time you saw me in class.,ham,ham,True
"Want to funk up ur fone with a weekly new tone reply TONES2U 2 this text. www.ringtones.co.uk, the original n best. Tones 3GBP network operator rates apply",spam,spam,True
"\SYMPTOMS\"" when U are in love: \""1.U like listening songs 2.U get stopped where u see the name of your beloved 3.U won't get angry when your""",ham,ham,True
Oh k.k..where did you take test?,ham,ham,True
"It's fine, imma get a drink or somethin. Want me to come find you?",ham,ham,True
"\Are you comingdown later?\""""",ham,ham,True
I dont understand your message.,ham,ham,True
Good evening! How are you?,ham,ham,True
Urgent! Please call 09061743810 from landline. Your ABTA complimentary 4* Tenerife Holiday or #5000 cash await collection SAE T&Cs Box 326 CW25WX 150 ppm,spam,spam,True
You have WON a guaranteed å£1000 cash or a å£2000 prize. To claim yr prize call our customer service representative on 08714712394 between 10am-7pm,spam,spam,True
They just talking thats it de. They wont any other.,ham,ham,True
"Madam,regret disturbance.might receive a reference check from DLF Premarica.kindly be informed.Rgds,Rakhesh,Kerala.",ham,ham,True
I wait 4 Ì_ inside da car park...,ham,ham,True
&lt;#&gt;  w jetton ave if you forgot,ham,ham,True
1st wk FREE! Gr8 tones str8 2 u each wk. Txt NOKIA ON to 8007 for Classic Nokia tones or HIT ON to 8007 for Polys. Nokia/150p Poly/200p 16+,spam,spam,True
Married local women looking for discreet action now! 5 real matches instantly to your phone. Text MATCH to 69969 Msg cost 150p 2 stop txt stop BCMSFWC1N3XX,spam,spam,True
Thanks for yesterday sir. You have been wonderful. Hope you enjoyed the burial. MojiBiola,ham,ham,True
am up to my eyes in philosophy,ham,ham,True
YO YO YO BYATCH WHASSUP?,ham,ham,True
"YOUR CHANCE TO BE ON A REALITY FANTASY SHOW call now = 08707509020 Just 20p per min NTT Ltd, PO Box 1327 Croydon CR9 5WB 0870 is a national = rate call",spam,spam,True
I told that am coming on wednesday.,ham,ham,True
Yeah I imagine he would be really gentle. Unlike the other docs who treat their patients like turkeys.,ham,ham,True
"IÛ÷ll leave around four, ok?",ham,ham,True
Ok... Ur typical reply...,ham,spam,False
"I can't speak, bcaz mobile have problem. I can listen you but you cann't listen my voice. So i calls you later.",ham,ham,True
Do have a nice day today. I love you so dearly.,ham,ham,True
Knock Knock Txt whose there to 80082 to enter r weekly draw 4 a å£250 gift voucher 4 a store of yr choice. T&Cs www.tkls.com age16 to stoptxtstopå£1.50/week,spam,spam,True
U having lunch alone? I now so bored...,ham,ham,True
Hey do you want anything to buy:),ham,ham,True
Me too. Mark is taking forever to pick up my prescription and the pain is coming back.,ham,ham,True
Long after I quit. I get on only like 5 minutes a day as it is.,ham,ham,True
Yesterday its with me only . Now am going home.,ham,ham,True
Ur cash-balance is currently 500 pounds - to maximize ur cash-in now send COLLECT to 83600 only 150p/msg. CC: 08718720201 PO BOX 114/14 TCR/W1,spam,spam,True
hiya hows it going in sunny africa? hope u r avin a good time. give that big old silver back a big kiss from me.,ham,ham,True
Oh k. . I will come tomorrow,ham,ham,True
Its not the same here. Still looking for a job. How much do Ta's earn there.,ham,ham,True
Sure but since my parents will be working on Tuesday I don't really need a cover story,ham,ham,True
What do u want when i come back?.a beautiful necklace as a token of my heart for you.thats what i will give but ONLY to MY WIFE OF MY LIKING.BE THAT AND SEE..NO ONE can give you that.dont call me.i will wait till i come.,ham,ham,True
"Just wondering, the others just took off",ham,ham,True
Got meh... When?,ham,ham,True
"Gosh that , what a pain. Spose I better come then.",ham,ham,True
"Sez, hows u & de arab boy? Hope u r all good give my love 2 evry1 love ya eshxxxxxxxxxxx",ham,ham,True
No. On the way home. So if not for the long dry spell the season would have been over,ham,ham,True
"No i'm not. I can't give you everything you want and need. You actually could do better for yourself on yor own--you've got more money than i do. I can't get work, i can't get a man, i can't pay the rent, i can't even fill my fucking gas tank. yes, i'm stressed and depressed. I didn't even call home for thanksgiving cuz i'll have to tell them i,m up to nothing.",ham,ham,True
Dunno lei... I thk mum lazy to go out... I neva ask her yet...,ham,ham,True
Go fool dont cheat others ok,ham,ham,True
That one week leave i put know that time. Why.,ham,ham,True
Hi. I'm always online on yahoo and would like to chat with you someday,ham,ham,True
We currently have a message awaiting your collection. To collect your message just call 08718723815.,spam,spam,True
Please don't text me anymore. I have nothing else to say.,ham,ham,True
I know! Grumpy old people. My mom was like you better not be lying. Then again I am always the one to play jokes...,ham,ham,True
Ok im not sure what time i finish tomorrow but i wanna spend the evening with you cos that would be vewy vewy lubly! Love me xxx,ham,ham,True
IÛ÷m parked next to a MINI!!!! When are you coming in today do you think?,ham,ham,True
How are you. Its been ages. How's abj,ham,ham,True
Hi its LUCY Hubby at meetins all day Fri & I will B alone at hotel U fancy cumin over? Pls leave msg 2day 09099726395 Lucy x Callså£1/minMobsmoreLKPOBOX177HP51FL,spam,ham,False
Hi ....My engagement has been fixd on  &lt;#&gt; th of next month. I know its really shocking bt....hmm njan vilikkam....t ws al of a sudn;-(.,ham,ham,True
"Aight, sounds good. When do you want me to come down?",ham,ham,True
S da..al r above  &lt;#&gt;,ham,ham,True
Aaooooright are you at work?,ham,ham,True
Lol no. I just need to cash in my nitros. Hurry come on before I crash out!,ham,ham,True
Mode men or have you left.,ham,ham,True
Am only searching for good dual sim mobile pa.,ham,ham,True
"No worries, hope photo shoot went well. have a spiffing fun at workage. ",ham,ham,True
Ya that one is slow as poo,ham,ham,True
Aiyah e rain like quite big leh. If drizzling i can at least run home.,ham,ham,True
Hey tmr maybe can meet you at yck,ham,ham,True
I enjoy watching and playing football and basketball. Anything outdoors. And you?,ham,ham,True
:-) yeah! Lol. Luckily i didn't have a starring role like you!,ham,ham,True
Still work going on:)it is very small house.,ham,ham,True
How come i din c Ì_... Yup i cut my hair...,ham,ham,True
K..give back my thanks.,ham,ham,True
"Shit that is really shocking and scary, cant imagine for a second. Def up for night out. Do u think there is somewhere i could crash for night, save on taxi?",ham,ham,True
Missed call alert. These numbers called but left no message. 07008009200,spam,spam,True
K k:) sms chat with me.,ham,spam,False
"Come around  &lt;DECIMAL&gt; pm vikky..i'm otside nw, il come by tht time",ham,ham,True
SMS. ac sun0819 posts HELLO:\You seem cool,spam,ham,False
Was playng 9 doors game and gt racing on phone lol,ham,ham,True
I came hostel. I m going to sleep. Plz call me up before class. Hrishi.,ham,ham,True
Lol its ok I didn't remember til last nite,ham,ham,True
They finally came to fix the ceiling.,ham,ham,True
URGENT! We are trying to contact U. Todays draw shows that you have won a å£2000 prize GUARANTEED. Call 09058094507 from land line. Claim 3030. Valid 12hrs only,spam,spam,True
"Call me when you/carlos is/are here, my phone's vibrate is acting up and I might not hear texts",ham,ham,True
Oh ok no prob..,ham,ham,True
It has everything to do with the weather. Keep extra warm. Its a cold but nothing serious. Pls lots of vitamin c,ham,ham,True
Just finished. Missing you plenty,ham,ham,True
\Hey sorry I didntgive ya a a bellearlier hunny,ham,ham,True
Yo we are watching a movie on netflix,ham,ham,True
Dude while were makin those weirdy brownies my sister made awesome cookies. I took pics.,ham,ham,True
FREE UNLIMITED HARDCORE PORN direct 2 your mobile Txt PORN to 69200 & get FREE access for 24 hrs then chrgd@50p per day txt Stop 2exit. This msg is free,spam,spam,True
I'm fine. Hope you are good. Do take care.,ham,ham,True
The search 4 happiness is 1 of d main sources of unhappiness! Accept life the way it comes! U will find happiness in every moment u live.,ham,ham,True
"Tick, tick, tick ... Babe",ham,ham,True
I anything lor...,ham,ham,True
But you dint in touch with me.,ham,ham,True
Am in film ill call you later.,ham,ham,True
You best watch what you say cause I get drunk as a motherfucker,ham,ham,True
They will pick up and drop in car.so no problem..,ham,ham,True
Are you willing to go for apps class.,ham,ham,True
"\Life is nothing wen v get everything\"". But \""life is everything wen v miss something \"". Real value of people wil be realized only in their absence.... gud mrng""",ham,ham,True
"Storming msg: Wen u lift d phne, u say \HELLO\"" Do u knw wt is d real meaning of HELLO?? . . . It's d name of a girl..! . . . Yes.. And u knw who is dat girl?? \""Margaret Hello\"" She is d girlfrnd f Grahmbell who invnted telphone... . . . . Moral:One can 4get d name of a person",ham,ham,True
He said i look pretty wif long hair wat. But i thk he's cutting quite short 4 me leh.,ham,ham,True
I'm going 4 lunch now wif my family then aft dat i go str 2 orchard lor.,ham,ham,True
WOW! The Boys R Back. TAKE THAT 2007 UK Tour. Win VIP Tickets & pre-book with VIP Club. Txt CLUB to 81303. Trackmarque Ltd info@vipclub4u.,spam,spam,True
"Oops - am at my mum's in somerset... Bit far! Back tomo, see you soon x",ham,ham,True
&lt;#&gt;  am I think? Should say on syllabus,ham,ham,True
Howz pain.it will come down today.do as i said ystrday.ice and medicine.,ham,ham,True
Ok i also wan 2 watch e 9 pm show...,ham,ham,True
After completed degree. There is no use in joining finance.,ham,ham,True
Hai ana tomarrow am coming on morning.  &lt;DECIMAL&gt;  ill be there in sathy then we ll go to RTO office. Reply me after came to home.,ham,ham,True
The greatest test of courage on earth is to bear defeat without losing heart....gn tc,ham,ham,True
Have a safe trip to Nigeria. Wish you happiness and very soon company to share moments with,ham,ham,True
Yes but can we meet in town cos will go to gep and then home. You could text at bus stop. And don't worry we'll have finished by march Û_ ish!,ham,ham,True
"Although i told u dat i'm into baig face watches now but i really like e watch u gave cos it's fr u. Thanx 4 everything dat u've done today, i'm touched...",ham,ham,True
We will meet soon princess! Ttyl!,ham,ham,True
"I'm in solihull, | do you want anything?",ham,ham,True
LOL what happens in Vegas stays in vegas,ham,ham,True
Text BANNEDUK to 89555 to see! cost 150p textoperator g696ga 18+ XXX,spam,spam,True
Keep yourself safe for me because I need you and I miss you already and I envy everyone that see's you in real life,ham,ham,True
If you don't respond imma assume you're still asleep and imma start calling n shit,ham,ham,True
"Ever green quote ever told by Jerry in cartoon \A Person Who Irritates u Always Is the one Who Loves u Vry Much But Fails to Express It...!..!! :-) :-) gud nyt""",ham,ham,True
I tot it's my group mate... Lucky i havent reply... Wat time do Ì_ need to leave... ,ham,ham,True
Oh baby of the house. How come you dont have any new pictures on facebook,ham,ham,True
"Each Moment in a day,has its own value-Morning brings hope,afternoon brings faith,Evening brings luv,Night brings rest,Wish u find them all today.Good Morning",ham,ham,True
Dai  &lt;#&gt;  naal eruku.,ham,ham,True
at bruce b downs &amp; fletcher now,ham,ham,True
URGENT This is our 2nd attempt to contact U. Your å£900 prize from YESTERDAY is still awaiting collection. To claim CALL NOW 09061702893,spam,spam,True
Not able to do anything.,ham,ham,True
How do you guys go to see movies on your side.,ham,ham,True
"You are guaranteed the latest Nokia Phone, a 40GB iPod MP3 player or a å£500 prize! Txt word: COLLECT to No: 83355! IBHltd LdnW15H 150p/Mtmsgrcvd18",spam,spam,True
"Camera quite good, 10.1mega pixels, 3optical and 5digital dooms. Have a lovely holiday, be safe and i hope you hav a good journey! Happy new year to you both! See you in a couple of weeks! ",ham,ham,True
What makes you most happy?,ham,ham,True
Your bill at 3 is å£33.65 so thats not bad!,ham,ham,True
Tone Club: Your subs has now expired 2 re-sub reply MONOC 4 monos or POLYC 4 polys 1 weekly @ 150p per week Txt STOP 2 stop This msg free Stream 0871212025016,spam,spam,True
Captain vijaykanth is doing comedy in captain tv..he is drunken :),ham,ham,True
"\Im at arestaurant eating squid! i will be out about 10:30 wanna dosomething or is that to late?\""""",ham,ham,True
His frens go then he in lor. Not alone wif my mum n sis lor.,ham,ham,True
Someone has contacted our dating service and entered your phone because they fancy you! To find out who it is call from a landline 09111032124 . PoBox12n146tf150p,spam,spam,True
Ujhhhhhhh computer shipped out with address to sandiago and parantella lane. Wtf. Poop.,ham,ham,True
Sunshine Quiz Wkly Q! Win a top Sony DVD player if u know which country Liverpool played in mid week? Txt ansr to 82277. å£1.50 SP:Tyrone,spam,spam,True
Yes i thought so. Thanks.,ham,ham,True
"\The world suffers a lot... Not because of the violence of bad people. But because of the silence of good people!\""",ham,ham,True
"Uncle G, just checking up on you. Do have a rewarding month",ham,ham,True
Cos i was out shopping wif darren jus now n i called him 2 ask wat present he wan lor. Then he started guessing who i was wif n he finally guessed darren lor.,ham,ham,True
"I hope your alright babe? I worry that you might have felt a bit desparate when you learned the job was a fake ? I am here waiting when you come back, my love",ham,ham,True
Bought one ringtone and now getting texts costing 3 pound offering more tones etc,spam,spam,True
"I know where the  &lt;#&gt;  is, I'll be there around 5",ham,ham,True
"Double Mins & 1000 txts on Orange tariffs. Latest Motorola, SonyEricsson & Nokia with Bluetooth FREE! Call MobileUpd8 on 08000839402 or call2optout/HF8",spam,spam,True
And stop being an old man. You get to build snowman snow angels and snowball fights.,ham,ham,True
Crucify is c not s. You should have told me earlier.,ham,ham,True
"New Mobiles from 2004, MUST GO! Txt: NOKIA to No: 89545 & collect yours today! From ONLY å£1. www.4-tc.biz 2optout 087187262701.50gbp/mtmsg18 TXTAUCTION.",spam,spam,True
"FreeMsg Hey U, i just got 1 of these video/pic fones, reply WILD to this txt & ill send U my pics, hurry up Im so bored at work xxx (18 150p/rcvd STOP2stop)",spam,spam,True
No she didnt. I will search online and let you know.,ham,ham,True
Where wuld I be without my baby? The thought alone mite break me and I donåÕt wanna go crazy but everyboy needs his lady xxxxxxxx,ham,ham,True
I wnt to buy a BMW car urgently..its vry urgent.but hv a shortage of  &lt;#&gt; Lacs.there is no source to arng dis amt. &lt;#&gt; lacs..thats my prob,ham,ham,True
Yun buying... But school got offer 2000 plus only...,ham,ham,True
Hi Princess! Thank you for the pics. You are very pretty. How are you?,ham,ham,True
I'm in office now . I will call you  &lt;#&gt;  min:),ham,ham,True
Kallis wont bat in 2nd innings.,ham,ham,True
I'll pick you up at about 5.15pm to go to taunton if you still want to come.,ham,ham,True
Wat makes u thk i'll fall down. But actually i thk i'm quite prone 2 falls. Lucky my dad at home i ask him come n fetch me already.,ham,ham,True
Ffffffffff. Alright no way I can meet up with you sooner?,ham,ham,True
She went to attend another two rounds today..but still did't reach home..,ham,ham,True
Well its not like you actually called someone a punto. That woulda been worse.,ham,ham,True
That's necessarily respectful,ham,ham,True
HI DARLIN HOW WAS WORK DID U GET INTO TROUBLE? IJUST TALKED TO YOUR MUM ALL MORNING! I HAD A REALLY GOOD TIME LAST NIGHT IM GOIN OUT SOON BUT CALL ME IF U CAN,ham,ham,True
Its a part of checking IQ,ham,ham,True
Dear i am not denying your words please,ham,ham,True
Gud mrng dear hav a nice day,ham,ham,True
"Almost there, see u in a sec",ham,ham,True
Have you emigrated or something? Ok maybe 5.30 was a bit hopeful...,ham,ham,True
How would my ip address test that considering my computer isn't a minecraft server,ham,ham,True
Eh u send wrongly lar...,ham,ham,True
"Pete,is this your phone still? Its Jenny from college and Leanne.what are you up to now?:)",ham,ham,True
"OH YEAH,AND HAV A GREAT TIME IN NEWQUAY-SEND ME A POSTCARD !1 LOOK AFTER ALL THE GIRLS WHILE IM GONE(U KNOW THE 1IM TALKIN BOUT!)xx",ham,ham,True
Forgot to tell Ì_ smth.. Can Ì_ like number the sections so that it's clearer..,ham,ham,True
I AM AT THE GAS STATION. GO THERE.,ham,ham,True
"\I;m reaching in another 2 stops.\""""",ham,ham,True
You tell what happen dont behave like this to me. Ok no need to say,ham,ham,True
"Evening * v good if somewhat event laden. Will fill you in, don't you worry Û_ Head * ok but throat * wrecked. See you at six then!",ham,ham,True
"Haha just kidding, papa needs drugs",ham,ham,True
My drive can only be read. I need to write,ham,ham,True
Loosu go to hospital. De dont let it careless.,ham,ham,True
Imagine Life WITHOUT ME... see.. How fast u are searching me?Don't worry.. l'm always there To disturb U.. Goodnoon..:),ham,ham,True
Babe: U want me dont u baby! Im nasty and have a thing 4 filthyguys. Fancy a rude time with a sexy bitch. How about we go slo n hard! Txt XXX SLO(4msgs),spam,ham,False
Dear umma she called me now :-),ham,ham,True
"Babe, I'm answering you, can't you see me ? Maybe you'd better reboot YM ... I got the photo ... It's great !",ham,ham,True
Whats the staff name who is taking class for us?,ham,ham,True
K..k..any special today?,ham,ham,True
Ok lor... Sony ericsson salesman... I ask shuhui then she say quite gd 2 use so i considering...,ham,ham,True
Msg me when rajini comes.,ham,spam,False
"Yeah that's what I thought, lemme know if anything's goin on later",ham,ham,True
"Every King Was Once A Crying Baby And Every Great Building Was Once A Map.. Not Imprtant Where U r TODAY, BUT Where U Wil Reach TOMORW. Gud ni8",ham,ham,True
"Ya ok, vikky vl c witin  &lt;#&gt; mins and il reply u..",ham,ham,True
Hai dear friends... This is my new &amp; present number..:) By Rajitha Raj (Ranju),ham,ham,True
"Kind of. Just missed train cos of asthma attack, nxt one in half hr so driving in. not sure where to park.",ham,ham,True
She just broke down a list of reasons why nobody's in town and I can't tell if she's being sarcastic or just faggy,ham,ham,True
"You are being contacted by our dating service by someone you know! To find out who it is, call from a land line 09050000928. PoBox45W2TG150P",spam,spam,True
Ok lor. Msg me b4 u call.,ham,ham,True
"This is one of the days you have a billion classes, right?",ham,ham,True
"As a SIM subscriber, you are selected to receive a Bonus! Get it delivered to your door, Txt the word OK to No: 88600 to claim. 150p/msg, EXP. 30Apr",spam,spam,True
U WILL SWITCH YOUR FONE ON DAMMIT!!,ham,ham,True
Thanks for this hope you had a good day today,ham,ham,True
Check Out Choose Your Babe Videos @ sms.shsex.netUN fgkslpoPW fgkslpo,spam,ham,False
MAKE SURE ALEX KNOWS HIS BIRTHDAY IS OVER IN FIFTEEN MINUTES AS FAR AS YOU'RE CONCERNED,ham,ham,True
"Its good, we'll find a way",ham,ham,True
Me too watching surya movie only. . .after 6 pm vijay movie POKKIRI,ham,ham,True
\HEY HEY WERETHE MONKEESPEOPLE SAY WE MONKEYAROUND! HOWDY GORGEOUS,ham,ham,True
Bored housewives! Chat n date now! 0871750.77.11! BT-national rate 10p/min only from landlines!,spam,spam,True
K..k:)how much does it cost?,ham,ham,True
I'm okay. Chasing the dream. What's good. What are you doing next.,ham,ham,True
"Hi Shanil,Rakhesh here.thanks,i have exchanged the uncut diamond stuff.leaving back. Excellent service by Dino and Prem.",ham,ham,True
They are just making it easy to pay back. I have  &lt;#&gt; yrs to say but i can pay back earlier. You get?,ham,ham,True
Update your face book status frequently :),ham,ham,True
Normally i use to drink more water daily:),ham,ham,True
88066 FROM 88066 LOST 3POUND HELP,spam,ham,False
Good Morning my Dear Shijutta........... Have a great &amp; successful day.,ham,ham,True
"Free-message: Jamster!Get the crazy frog sound now! For poly text MAD1, for real text MAD2 to 88888. 6 crazy sounds for just 3 GBP/week! 16+only! T&C's apply",spam,spam,True
"K, text me when you're on the way",ham,ham,True
Thanx 4 e brownie it's v nice...,ham,ham,True
says the  &lt;#&gt;  year old with a man and money. I'm down to my last  &lt;#&gt; . Still waiting for that check.,ham,ham,True
I've reached sch already...,ham,ham,True
I like to think there's always the possibility of being in a pub later.,ham,ham,True
You in your room? I need a few,ham,ham,True
Y lei?,ham,ham,True
U know we watchin at lido?,ham,ham,True
"Haha figures, well I found the piece and priscilla's bowl",ham,ham,True
No other Valentines huh? The proof is on your fb page. Ugh I'm so glad I really DIDN'T watch your rupaul show you TOOL!,ham,ham,True
I am joining today formally.Pls keep praying.will talk later.,ham,ham,True
"Aight, see you in a bit",ham,ham,True
You said to me before i went back to bed that you can't sleep for anything.,ham,ham,True
Yeah right! I'll bring my tape measure fri!,ham,ham,True
No. Yes please. Been swimming?,ham,ham,True
"In The Simpsons Movie released in July 2007 name the band that died at the start of the film? A-Green Day, B-Blue Day, C-Red Day. (Send A, B or C)",spam,ham,False
Oh god..taken the teeth?is it paining,ham,ham,True
Great. Never been better. Each day gives even more reasons to thank God,ham,ham,True
Great! I hope you like your man well endowed. I am  &lt;#&gt;  inches...,ham,ham,True
"The world is running and i am still.maybe all are feeling the same,so be it.or i have to admit,i am mad.then where is the correction?or let me call this is life.and keep running with the world,may be u r also running.lets run.",ham,ham,True
Tmrw. Im finishing 9 doors,ham,ham,True
So the sun is anti sleep medicine.,ham,ham,True
"Dizzamn, aight I'll ask my suitemates when I get back",ham,ham,True
"U need my presnts always bcz U cant mis love. \jeevithathile irulinae neekunna prakasamanu sneham\"" prakasam ennal prabha 'That mns prabha is'LOVE' Got it. Dont mis me....""",ham,ham,True
As usual u can call me ard 10 smth.,ham,ham,True
4 oclock at mine. Just to bash out a flat plan.,ham,ham,True
Is xy going 4 e lunch?,ham,ham,True
"YOUR CHANCE TO BE ON A REALITY FANTASY SHOW call now = 08707509020 Just 20p per min NTT Ltd, PO Box 1327 Croydon CR9 5WB 0870 is a national = rate call.",spam,spam,True
I asked sen to come chennai and search for job.,ham,ham,True
Why don't you wait 'til at least wednesday to see if you get your .,ham,ham,True
Macha dont feel upset.i can assume your mindset.believe me one evening with me and i have some wonderful plans for both of us.LET LIFE BEGIN AGAIN.call me anytime,ham,ham,True
"Awesome, lemme know whenever you're around",ham,ham,True
I jokin oni lar.. ÌÏ busy then i wun disturb Ì_.,ham,ham,True
Shant disturb u anymore... Jia you...,ham,ham,True
U have a secret admirer who is looking 2 make contact with U-find out who they R*reveal who thinks UR so special-call on 09058094599,spam,spam,True
Where are you?when wil you reach here?,ham,ham,True
I will come with karnan car. Please wait till 6pm will directly goto doctor.,ham,ham,True
U coming back 4 dinner rite? Dad ask me so i re confirm wif u...,ham,ham,True
This message is free. Welcome to the new & improved Sex & Dogging club! To unsubscribe from this service reply STOP. msgs@150p 18+only,spam,spam,True
Early bird! Any purchases yet?,ham,ham,True
Oh thanks a lot..i already bought 2 eggs ..,ham,ham,True
Kay... Since we are out already ,ham,ham,True
:-( sad puppy noise,ham,ham,True
"Latest Nokia Mobile or iPOD MP3 Player +å£400 proze GUARANTEED! Reply with: WIN to 83355 now! Norcorp Ltd.å£1,50/Mtmsgrcvd18+",spam,spam,True
"Could you not read me, my Love ? I answered you",ham,ham,True
Its sunny in california. The weather's just cool,ham,ham,True
Dear how is chechi. Did you talk to her,ham,ham,True
Went to pay rent. So i had to go to the bank to authorise the payment.,ham,ham,True
"I can't keep going through this. It was never my intention to run you out, but if you choose to do that rather than keep the room clean so *I* don't have to say no to visitors, then maybe that's the best choice. Yes, I wanted you to be embarassed, so maybe you'd feel for once how I feel when i have a friend who wants to drop buy and i have to say no, as happened this morning. I've tried everything. I don't know what else to do.",ham,ham,True
Boooo you always work. Just quit.,ham,ham,True
Thanx a lot...,ham,ham,True
No:-)i got rumour that you going to buy apartment in chennai:-),ham,ham,True
 gonna let me know cos comes bak from holiday that day.  is coming. Don't4get2text me  number. ,ham,ham,True
Printer is cool. I mean groovy. Wine is groovying,ham,ham,True
"Same here, but I consider walls and bunkers and shit important just because I never play on peaceful but I guess your place is high enough that it don't matter",ham,ham,True
"I got like $ &lt;#&gt; , I can get some more later though. Get whatever you feel like",ham,ham,True
Sen told that he is going to join his uncle finance in cbe,ham,ham,True
Hmm .. Bits and pieces lol ... *sighs* ...,ham,ham,True
"Hi elaine, is today's meeting confirmed?",ham,ham,True
K fyi x has a ride early tomorrow morning but he's crashing at our place tonight,ham,ham,True
"My life Means a lot to me, Not because I love my life, But because I love the people in my life, The world calls them friends, I call them my World:-).. Ge:-)..",ham,ham,True
"Dear friends, sorry for the late information. Today is the birthday of our loving Ar.Praveesh. for more details log on to face book and see. Its his number + &lt;#&gt; . Dont miss a delicious treat.",ham,ham,True
I'll be at mu in like  &lt;#&gt;  seconds,ham,ham,True
"I met you as a stranger and choose you as my friend. As long as the world stands, our friendship never ends. Lets be Friends forever!!! Gud nitz...",ham,ham,True
Well. You know what i mean. Texting,ham,ham,True
Lol they don't know about my awesome phone. I could click delete right now if I want.,ham,ham,True
FREE entry into our å£250 weekly comp just send the word ENTER to 84128 NOW. 18 T&C www.textcomp.com cust care 08712405020.,spam,spam,True
ÌÏ called dad oredi...,ham,ham,True
Ever thought about living a good life with a perfect partner? Just txt back NAME and AGE to join the mobile community. (100p/SMS),spam,spam,True
RECPT 1/3. You have ordered a Ringtone. Your order is being processed...,spam,spam,True
Those cocksuckers. If it makes you feel better ipads are worthless garbage novelty items and you should feel bad for even wanting one,ham,ham,True
"Sorry, I'll call you  later. I am in meeting sir.",ham,ham,True
They did't play one day last year know even though they have very good team.. Like india.,ham,ham,True
"Xmas & New Years Eve tickets are now on sale from the club, during the day from 10am till 8pm, and on Thurs, Fri & Sat night this week. They're selling fast!",spam,spam,True
"Sorry, I guess whenever I can get a hold of my connections, maybe an hour or two? I'll text you",ham,ham,True
"Have a lovely night and when you wake up to see this message, i hope you smile knowing all is as should be. Have a great morning",ham,ham,True
"Babe! I fucking love you too !! You know? Fuck it was so good to hear your voice. I so need that. I crave it. I can't get enough. I adore you, Ahmad *kisses*",ham,ham,True
Midnight at the earliest,ham,ham,True
"URGENT! Last weekend's draw shows that you have won å£1000 cash or a Spanish holiday! CALL NOW 09050000332 to claim. T&C: RSTM, SW7 3SS. 150ppm",spam,spam,True
K:)all the best:)congrats...,ham,ham,True
"Aight, can you text me the address?",ham,ham,True
ÌÏ dun need to pick ur gf?,ham,ham,True
"Urgent! call 09066350750 from your landline. Your complimentary 4* Ibiza Holiday or 10,000 cash await collection SAE T&Cs PO BOX 434 SK3 8WP 150 ppm 18+ ",spam,spam,True
Joy's father is John. Then John is the ____ of Joy's father. If u ans ths you hav  &lt;#&gt;  IQ. Tis s IAS question try to answer.,ham,ham,True
Dear good morning now only i am up,ham,ham,True
"Can meh? Thgt some will clash... Really ah, i dun mind... I dun seen to have lost any weight... Gee...",ham,ham,True
"Well am officially in a philosophical hole, so if u wanna call am at home ready to be saved!",ham,ham,True
Yep then is fine 7.30 or 8.30 for ice age.,ham,ham,True
IM GONNA MISS U SO MUCH,ham,ham,True
URGENT! Your Mobile number has been awarded a <UKP>2000 prize GUARANTEED. Call 09061790125 from landline. Claim 3030. Valid 12hrs only 150ppm,spam,spam,True
Alright took the morphine. Back in yo.,ham,ham,True
R Ì_ comin back for dinner?,ham,ham,True
What happen to her tell the truth,ham,ham,True
ITS A LAPTOP TAKE IT WITH YOU.,ham,ham,True
This is the 2nd time we have tried to contact u. U have won the å£1450 prize to claim just call 09053750005 b4 310303. T&Cs/stop SMS 08718725756. 140ppm,spam,spam,True
I wont touch you with out your permission.,ham,ham,True
"Yo, call me when you get the chance, a friend of mine wanted me to ask you about a big order",ham,ham,True
"\CHEERS FOR CALLIN BABE.SOZI CULDNT TALKBUT I WANNATELL U DETAILS LATER WENWECAN CHAT PROPERLY X\""""",ham,ham,True
"K, wen ur free come to my home and also tel vikky i hav sent mail to him also.. Better come evening il be free today aftr 6pm..:-)",ham,ham,True
Me fine..absolutly fine,ham,ham,True
"Sorry, I'll call later ok bye",ham,ham,True
You call him and tell now infront of them. Call him now.,ham,spam,False
Then Ì_ come n pick me at 530 ar?,ham,ham,True
Ok lor. Anyway i thk we cant get tickets now cos like quite late already. U wan 2 go look 4 ur frens a not? Darren is wif them now...,ham,ham,True
R u saying i should re order the slippers cos i had to pay for returning it.,ham,ham,True
Hey I am really horny want to chat or see me naked text hot to 69698 text charged at 150pm to unsubscribe text stop 69698,spam,spam,True
K.k.this month kotees birthday know?,ham,ham,True
"You might want to pull out more just in case and just plan on not spending it if you can, I don't have much confidence in derek and taylor's money management",ham,ham,True
Dont flatter yourself... Tell that man of mine two pints of carlin in ten minutes please.... ,ham,ham,True
The basket's gettin full so I might be by tonight,ham,ham,True
I ain't answerin no phone at what is actually a pretty reasonable hour but I'm sleepy,ham,ham,True
I can't make it tonight,ham,ham,True
Better. Made up for Friday and stuffed myself like a pig yesterday. Now I feel bleh. But at least its not writhing pain kind of bleh.,ham,ham,True
My stomach has been thru so much trauma I swear I just can't eat. I better lose weight.,ham,ham,True
I'm gonna rip out my uterus.,ham,ham,True
In which place i can get rooms cheap:-),ham,ham,True
"Call me. I m unable to cal. Lets meet bhaskar, and deep",ham,ham,True
Then u go back urself lor...,ham,ham,True
"Looks like you found something to do other than smoke, great job!",ham,ham,True
No drama Pls.i have had enough from you and family while i am struggling in the hot sun in a strange place.No reason why there should be an ego of not going 'IF NOT INVITED' when actually its necessity to go.wait for very serious reppurcussions.,ham,ham,True
Its too late:)but its k.wish you the same.,ham,ham,True
When did dad get back.,ham,ham,True
"Thursday night? Yeah, sure thing, we'll work it out then",ham,ham,True
Lol ... I knew that .... I saw him in the dollar store,ham,ham,True
U're welcome... Caught u using broken english again...,ham,ham,True
WHORE YOU ARE UNBELIEVABLE.,ham,ham,True
"That's fine, I'll bitch at you about it later then",ham,ham,True
Near kalainar tv office.thenampet,ham,ham,True
The evo. I just had to download flash. Jealous?,ham,ham,True
Is it your yahoo boys that bring in the perf? Or legal.,ham,ham,True
"So many people seems to be special at first sight, But only very few will remain special to you till your last sight.. Maintain them till life ends.. take cr da",ham,ham,True
I think i've fixed it can you send a test message?,ham,ham,True
I hope you that's the result of being consistently intelligent and kind. Start asking him about practicum links and keep your ears open and all the best. ttyl,ham,ham,True
"Had your contract mobile 11 Mnths? Latest Motorola, Nokia etc. all FREE! Double Mins & Text on Orange tariffs. TEXT YES for callback, no to remove from records.",spam,spam,True
Yes princess! I want to make you happy...,ham,ham,True
He is a womdarfull actor,ham,ham,True
You've always been the brainy one.,ham,ham,True
"Yo, you at jp and hungry like a mofo?",ham,ham,True
YOU HAVE WON! As a valued Vodafone customer our computer has picked YOU to win a å£150 prize. To collect is easy. Just call 09061743386,spam,spam,True
Horrible gal. Me in sch doing some stuff. How come u got mc?,ham,ham,True
Ok pa. Nothing problem:-),ham,ham,True
Heehee that was so funny tho,ham,ham,True
IÛ÷ll have a look at the frying pan in case itÛ÷s cheap or a book perhaps. No thatÛ÷s silly a frying pan isnÛ÷t likely to be a book,ham,ham,True
Great! So what attracts you to the brothas?,ham,ham,True
"Awesome, be there in a minute",ham,ham,True
Otherwise had part time job na-tuition..,ham,ham,True
So when do you wanna gym?,ham,ham,True
Y she dun believe leh? I tot i told her it's true already. I thk she muz c us tog then she believe.,ham,ham,True
I'm always on yahoo messenger now. Just send the message to me and i.ll get it you may have to send it in the mobile mode sha but i.ll get it. And will reply.,ham,ham,True
I wanna watch that movie,ham,ham,True
Bring it if you got it,ham,ham,True
Got smaller capacity one? Quite ex...,ham,ham,True
Send me the new number,ham,spam,False
And popping &lt;#&gt; ibuprofens was no help.,ham,ham,True
Its  &lt;#&gt; k here oh. Should i send home for sale.,ham,ham,True
You do what all you like,ham,ham,True
Becoz its  &lt;#&gt;  jan whn al the post ofice is in holiday so she cn go fr the post ofice...got it duffer,ham,ham,True
So dont use hook up any how,ham,ham,True
"Night night, see you tomorrow",ham,ham,True
Just got up. have to be out of the room very soon. Û_. i hadn't put the clocks back til at 8 i shouted at everyone to get up and then realised it was 7. wahay. another hour in bed.,ham,ham,True
"1) Go to write msg 2) Put on Dictionary mode 3)Cover the screen with hand, 4)Press  &lt;#&gt; . 5)Gently remove Ur hand.. Its interesting..:)",ham,ham,True
I not free today i haf 2 pick my parents up tonite...,ham,ham,True
"Double mins and txts 4 6months FREE Bluetooth on Orange. Available on Sony, Nokia Motorola phones. Call MobileUpd8 on 08000839402 or call2optout/N9DX",spam,spam,True
Jesus christ bitch I'm trying to give you drugs answer your fucking phone,ham,ham,True
Double Mins & Double Txt & 1/2 price Linerental on Latest Orange Bluetooth mobiles. Call MobileUpd8 for the very latest offers. 08000839402 or call2optout/LF56,spam,spam,True
"Miss ya, need ya, want ya, love ya.",ham,ham,True
I send the print  outs da.,ham,ham,True
Get your garden ready for summer with a FREE selection of summer bulbs and seeds worth å£33:50 only with The Scotsman this Saturday. To stop go2 notxt.co.uk,spam,spam,True
URGENT! Your Mobile number has been awarded with a å£2000 prize GUARANTEED. Call 09061790126 from land line. Claim 3030. Valid 12hrs only 150ppm,spam,spam,True
cThen i thk shd b enuff.. Still got conclusion n contents pg n references.. I'll b doing da contents pg n cover pg..,ham,ham,True
If you still havent collected the dough pls let me know so i can go to the place i sent it to get the control number,ham,ham,True
I remain unconvinced that this isn't an elaborate test of my willpower,ham,ham,True
U still going to the mall?,ham,ham,True
You have got tallent but you are wasting.,ham,ham,True
Hello. They are going to the village pub at 8 so either come here or there accordingly. Ok?,ham,ham,True
cool. We will have fun practicing making babies!,ham,ham,True
"A boy was late 2 home. His father: \POWER OF FRNDSHIP\""""",ham,ham,True
Wah lucky man... Then can save money... Hee...,ham,ham,True
Dude we should go sup again,ham,ham,True
Even u dont get in trouble while convincing..just tel him once or twice and just tel neglect his msgs dont c and read it..just dont reply,ham,ham,True
"Oops, I'll let you know when my roommate's done",ham,ham,True
"SPJanuary Male Sale! Hot Gay chat now cheaper, call 08709222922. National rate from 1.5p/min cheap to 7.8p/min peak! To stop texts call 08712460324 (10p/min)",spam,spam,True
ÌÏ ready then call me...,ham,ham,True
So how's scotland. Hope you are not over showing your JJC tendencies. Take care. Live the dream,ham,ham,True
I think just yourself Û_Thanks and see you tomo,ham,ham,True
"Cool breeze... Bright sun... Fresh flower... Twittering birds... All these waiting to wish u: \GOODMORNING &amp; HAVE A NICE DAY\"" :)""",ham,ham,True
So do you have samus shoulders yet,ham,ham,True
Which is why i never wanted to tell you any of this. Which is why i'm so short with you and on-edge as of late.,ham,ham,True
What time should I tell my friend to be around?,ham,ham,True
All e best 4 ur driving tmr :-),ham,ham,True
One of best dialogue in cute reltnship..!! \Wen i Die,ham,ham,True
"Goodmorning, Today i am late for  &lt;#&gt; min.",ham,ham,True
V nice! Off 2 sheffield tom 2 air my opinions on categories 2 b used 2 measure ethnicity in next census. Busy transcribing. :-),ham,ham,True
The whole car appreciated the last two! Dad and are having a map reading semi argument but apart from that things are going ok. P.,ham,ham,True
The battery is for mr adewale my uncle. Aka Egbon,ham,ham,True
I'm stuck in da middle of da row on da right hand side of da lt... ,ham,ham,True
it's really getting me down just hanging around.,ham,ham,True
Oh... Okie lor...We go on sat... ,ham,ham,True
Probably earlier than that if the station's where I think it is,ham,ham,True
That is wondar full flim.,ham,ham,True
How. Its a little difficult but its a simple way to enter this place,ham,ham,True
How come guoyang go n tell her? Then u told her?,ham,ham,True
Please call Amanda with regard to renewing or upgrading your current T-Mobile handset free of charge. Offer ends today. Tel 0845 021 3680 subject to T's and C's,spam,spam,True
Have you started in skye,ham,ham,True
Yunny i'm walking in citylink now Ì_ faster come down... Me very hungry...,ham,ham,True
For me the love should start with attraction.i should feel that I need her every time around me.she should be the first thing which comes in my thoughts.I would start the day and end it with her.she should be there every time I dream.love will be then when my every breath has her name.my life should happen around her.my life will be named to her.I would cry for her.will give all my happiness and take all her sorrows.I will be ready to fight with anyone for her.I will be in love when I will be doing the craziest things for her.love will be when I don't have to proove anyone that my girl is the most beautiful lady on the whole planet.I will always be singing praises for her.love will be when I start up making chicken curry and end up makiing sambar.life will be the most beautiful then.will get every morning and thank god for the day because she is with me.I would like to say a lot..will tell later..,ham,ham,True
"Haha, that was the first person I was gonna ask",ham,ham,True
Hi juan. Im coming home on fri hey. Of course i expect a welcome party and lots of presents. Ill phone u when i get back. Loads of love nicky x x x x x x x x x,ham,ham,True
Moby Pub Quiz.Win a å£100 High Street prize if u know who the new Duchess of Cornwall will be? Txt her first name to 82277.unsub STOP å£1.50 008704050406 SP Arrow,spam,spam,True
Roger that. WeÛ÷re probably going to rem in about 20,ham,ham,True
Hi! This is Roger from CL. How are you?,ham,ham,True
"Yup, leaving right now, be back soon",ham,ham,True
"I can probably come by, everybody's done around  &lt;#&gt;  right?",ham,ham,True
And how's your husband.,ham,ham,True
K:)i will give my kvb acc details:),ham,ham,True
What pa tell me.. I went to bath:-),ham,ham,True
"I'm used to it. I just hope my agents don't drop me since i've only booked a few things this year. This whole me in boston, them in nyc was an experiment.",ham,ham,True
O ic lol. Should play 9 doors sometime yo,ham,ham,True
Have you heard from this week?,ham,ham,True
"Latest News! Police station toilet stolen, cops have nothing to go on!",spam,ham,False
Ok but knackered. Just came home and went to sleep! Not good at this full time work lark.,ham,ham,True
"Sorry, my battery died, I can come by but I'm only getting a gram for now, where's your place?",ham,ham,True
Cos darren say Ì_ considering mah so i ask Ì_...,ham,ham,True
"Arngd marriage is while u r walkin unfortuntly a snake bites u. bt love marriage is dancing in frnt of d snake &amp; sayin Bite me, bite me.",ham,ham,True
Urgent! Please call 09061743811 from landline. Your ABTA complimentary 4* Tenerife Holiday or å£5000 cash await collection SAE T&Cs Box 326 CW25WX 150ppm,spam,spam,True
Yup. Wun believe wat? U really neva c e msg i sent shuhui?,ham,ham,True
Why do you ask princess?,ham,ham,True
ÌÏ dun wan to watch infernal affair?,ham,ham,True
important information 4 orange user . today is your lucky day!2find out why log onto http://www.urawinner.com THERE'S A FANTASTIC SURPRISE AWAITING YOU!,spam,spam,True
* FREE* POLYPHONIC RINGTONE Text SUPER to 87131 to get your FREE POLY TONE of the week now! 16 SN PoBox202 NR31 7ZS subscription 450pw,spam,spam,True
Waiting in e car 4 my mum lor. U leh? Reach home already?,ham,ham,True
What's a feathery bowa? Is that something guys have that I don't know about?,ham,ham,True
Hi:)cts employee how are you?,ham,ham,True
Or remind me in a few hrs.,ham,ham,True
"That day Ì_ say Ì_ cut ur hair at paragon, is it called hair sense? Do Ì_ noe how much is a hair cut? ",ham,ham,True
Will do. Was exhausted on train this morning. Too much wine and pie. You sleep well too,ham,ham,True
Dont kick coco when he's down,ham,ham,True
S now only i took tablets . Reaction morning only.,ham,ham,True
"I wonder how you got online, my love ? Had you gone to the net cafe ? Did you get your phone recharged ? Were you on a friends net ? I think of you, boytoy",ham,ham,True
Camera - You are awarded a SiPix Digital Camera! call 09061221066 fromm landline. Delivery within 28 days,spam,spam,True
Hey gorgeous man. My work mobile number is. Have a good one babe. Squishy Mwahs.,ham,ham,True
Sad story of a Man - Last week was my b'day. My Wife did'nt wish me. My Parents forgot n so did my Kids . I went to work. Even my Colleagues did not wish.,ham,ham,True
Kindly send some one to our flat before  &lt;DECIMAL&gt;  today.,ham,ham,True
If you hear a loud scream in about &lt;#&gt; minutes its cause my Gyno will be shoving things up me that don't belong :/,ham,ham,True
No problem. Talk to you later,ham,ham,True
Poor girl can't go one day lmao,ham,ham,True
K actually can you guys meet me at the sunoco on howard? It should be right on the way,ham,ham,True
"No I'm good for the movie, is it ok if I leave in an hourish?",ham,ham,True
Sary just need Tim in the bollox &it hurt him a lot so he tol me!,ham,ham,True
"Good afternon, my love. How are today? I hope your good and maybe have some interviews. I wake and miss you babe. A passionate kiss from across the sea",ham,ham,True
I dunno lei... Like dun haf...,ham,ham,True
"Spook up your mob with a Halloween collection of a logo & pic message plus a free eerie tone, txt CARD SPOOK to 8007 zed 08701417012150p per logo/pic ",spam,spam,True
Pansy! You've been living in a jungle for two years! Its my driving you should be more worried about!,ham,ham,True
Pls send me the correct name da.,ham,ham,True
Pls tell nelson that the bb's are no longer comin. The money i was expecting aint coming,ham,ham,True
Want explicit SEX in 30 secs? Ring 02073162414 now! Costs 20p/min,spam,ham,False
"Plz note: if anyone calling from a mobile Co. &amp; asks u to type # &lt;#&gt;  or # &lt;#&gt; . Do not do so. Disconnect the call,coz it iz an attempt of 'terrorist' to make use of the sim card no. Itz confirmd by nokia n motorola n has been verified by CNN IBN.",ham,ham,True
PRIVATE! Your 2003 Account Statement for 07973788240 shows 800 un-redeemed S. I. M. points. Call 08715203649 Identifier Code: 40533 Expires 31/10/04,spam,spam,True
"I'll see if I can swing by in a bit, got some things to take care of here firsg",ham,ham,True
Double eviction this week - Spiral and Michael and good riddance to them!,ham,ham,True
Nooooooo I'm gonna be bored to death all day. Cable and internet outage.,ham,ham,True
"Call me da, i am waiting for your call.",ham,spam,False
Waiting for your call.,ham,spam,False
I only haf msn. It's yijue@hotmail.com,ham,ham,True
Oh. U must have taken your REAL Valentine out shopping first.,ham,ham,True
She.s good. She was wondering if you wont say hi but she.s smiling now. So how are you coping with the long distance,ham,ham,True
\Hey j! r u feeling any better,ham,ham,True
Missing you too.pray inshah allah,ham,ham,True
"Hey...Great deal...Farm tour 9am to 5pm $95/pax, $50 deposit by 16 May",ham,ham,True
I need to come home and give you some good lovin...,ham,ham,True
"Orange brings you ringtones from all time Chart Heroes, with a free hit each week! Go to Ringtones & Pics on wap. To stop receiving these tips reply STOP.",spam,spam,True
Geeeee ... I love you so much I can barely stand it,ham,ham,True
Hey are you angry with me. Reply me dr.,ham,ham,True
"\Gimme a few\"" was  &lt;#&gt;  minutes ago""",ham,ham,True
"sorry, no, have got few things to do. may be in pub later.",ham,ham,True
Should I have picked up a receipt or something earlier,ham,ham,True
"Sorry,  in meeting I'll call you later",ham,ham,True
"Its ok, called mom instead have fun",ham,ham,True
Nah dub but je still buff,ham,ham,True
I'll be late...,ham,ham,True
I like to talk pa but am not able to. I dont know y.,ham,ham,True
I'm in a movie. Call me 4 wat?,ham,ham,True
On ma way to school. Can you pls send me ashley's number,ham,ham,True
Pls speak to that customer machan.,ham,ham,True
"Eerie Nokia tones 4u, rply TONE TITLE to 8007 eg TONE DRACULA to 8007 Titles: GHOST, ADDAMSFA, MUNSTERS, EXORCIST, TWILIGHT www.getzed.co.uk POBox36504W45WQ 150p ",spam,spam,True
"Also sir, i sent you an email about how to log into the usc payment portal. I.ll send you another message that should explain how things are back home. Have a great weekend.",ham,ham,True
You flippin your shit yet?,ham,ham,True
Where to get those?,ham,ham,True
Studying. But i.ll be free next weekend.,ham,spam,False
She's good. How are you. Where r u working now,ham,ham,True
Dunno lei Ì_ all decide lor. How abt leona? Oops i tot ben is going n i msg him.,ham,ham,True
Meanwhile in the shit suite: xavier decided to give us  &lt;#&gt;  seconds of warning that samantha was coming over and is playing jay's guitar to impress her or some shit. Also I don't think doug realizes I don't live here anymore,ham,ham,True
Santa calling! Would your little ones like a call from Santa Xmas Eve? Call 09077818151 to book you time. Calls1.50ppm last 3mins 30s T&C www.santacalling.com,spam,spam,True
Pls send me your address sir.,ham,ham,True
Am watching house ÛÒ very entertaining ÛÒ am getting the whole hugh laurie thing ÛÒ even with the stick ÛÒ indeed especially with the stick.,ham,ham,True
IMPORTANT MESSAGE. This is a final contact attempt. You have important messages waiting out our customer claims dept. Expires 13/4/04. Call 08717507382 NOW!,spam,spam,True
You will be in the place of that man,ham,ham,True
I need details about that online job.,ham,ham,True
Rightio. 11.48 it is then. Well arent we all up bright and early this morning.,ham,ham,True
"\NOT ENUFCREDEIT TOCALL.SHALL ILEAVE UNI AT 6 +GET A BUS TO YOR HOUSE?\""""",ham,ham,True
YOU ARE CHOSEN TO RECEIVE A å£350 AWARD! Pls call claim number 09066364311 to collect your award which you are selected to receive as a valued mobile customer.,spam,spam,True
So your telling me I coulda been your real Valentine and I wasn't? U never pick me for NOTHING!!,ham,ham,True
So how many days since then?,ham,ham,True
O was not into fps then.,ham,ham,True
Ultimately tor motive tui achieve korli.,ham,ham,True
Nothin comes to my mind. ÌÏ help me buy hanger lor. Ur laptop not heavy?,ham,ham,True
I'm job profile seems like bpo..,ham,ham,True
Appt is at &lt;TIME&gt; am. Not my fault u don't listen. I told u twice,ham,ham,True
I didn't get the second half of that message,ham,ham,True
Sitting ard nothing to do lor. U leh busy w work?,ham,ham,True
"HEY THERE BABE, HOW U DOIN? WOT U UP 2 2NITE LOVE ANNIE X.",ham,ham,True
I think if he rule tamilnadu..then its very tough for our people.,ham,ham,True
"I know dat feelin had it with Pete! Wuld get with em , nuther place nuther time mayb?",ham,ham,True
Huh? 6 also cannot? Then only how many mistakes?,ham,ham,True
Yes! I am a one woman man! Please tell me your likes and dislikes in bed...,ham,ham,True
All e best 4 ur exam later.,ham,ham,True
Pls help me tell sura that i'm expecting a battery from hont. And that if should pls send me a message about how to download movies. Thanks,ham,ham,True
"Nt only for driving even for many reasons she is called BBD..thts it chikku, then hw abt dvg cold..heard tht vinobanagar violence hw is the condition..and hw ru ? Any problem?",ham,ham,True
"Frnd s not juz a word.....not merely a relationship.....its a silent promise which says ... \ I will be with YOU \"" Wherevr.. Whenevr.. Forevr... Gudnyt dear..""",ham,ham,True
He also knows about lunch menu only da. . I know,ham,ham,True
Hmmm...k...but i want to change the field quickly da:-)i wanna get system administrator or network administrator..,ham,ham,True
Text PASS to 69669 to collect your polyphonic ringtones. Normal gprs charges apply only. Enjoy your tones,spam,spam,True
"Aight, text me tonight and we'll see what's up",ham,ham,True
Ok then u tell me wat time u coming later lor.,ham,ham,True
"Nothing, i got msg frm tht unknown no..",ham,ham,True
I am back. Good journey! Let me know if you need any of the receipts. Shall i tell you like the pendent?,ham,ham,True
"A swt thought: \Nver get tired of doing little things 4 lovable persons..\"" Coz..somtimes those little things occupy d biggest part in their Hearts.. Gud ni8""",ham,ham,True
"Thanks da thangam, i feel very very happy dear. I also miss you da.",ham,ham,True
Can Ì_ all decide faster cos my sis going home liao..,ham,ham,True
"Received, understood n acted upon!",ham,ham,True
Would you like to see my XXX pics they are so hot they were nearly banned in the uk!,spam,ham,False
I like you peoples very much:) but am very shy pa.,ham,ham,True
100 dating service cal;l 09064012103 box334sk38ch,spam,spam,True
I will lick up every drop :) are you ready to use your mouth as well?,ham,ham,True
Sweet heart how are you?,ham,ham,True
T-Mobile customer you may now claim your FREE CAMERA PHONE upgrade & a pay & go sim card for your loyalty. Call on 0845 021 3680.Offer ends 28thFeb.T&C's apply,spam,spam,True
"Ta-Daaaaa! I am home babe, are you still up ?",ham,ham,True
Slept? I thinkThis time ( &lt;#&gt;  pm) is not dangerous,ham,ham,True
U have a secret admirer. REVEAL who thinks U R So special. Call 09065174042. To opt out Reply REVEAL STOP. 1.50 per msg recd. Cust care 07821230901,spam,spam,True
Hi. Happy New Year. I dont mean to intrude but can you pls let me know how much tuition you paid last semester and how much this semester is. Thanks,ham,ham,True
Yes i will be there. Glad you made it.,ham,ham,True
Yes da. Any plm at ur office,ham,ham,True
Hows the pain dear?y r u smiling?,ham,ham,True
Go chase after her and run her over while she's crossing the street,ham,ham,True
Mm have some kanji dont eat anything heavy ok,ham,ham,True
I was just callin to say hi. Take care bruv!,ham,ham,True
"Hi the way I was with u 2day, is the normal way&this is the real me. UR unique&I hope I know u 4 the rest of mylife. Hope u find wot was lost.",ham,ham,True
Do you want a New Nokia 3510i colour phone DeliveredTomorrow? With 300 free minutes to any mobile + 100 free texts + Free Camcorder reply or call 08000930705,spam,spam,True
Buzzzz! *grins* Did I buzz your ass? Buzz your chest ? Buzz your cock ? Where do you keep your phone ? Is the vibrator on ? Did you feel it shake ?,ham,ham,True
"\ME 2 BABE I FEEL THE SAME LETS JUST 4GET ABOUT IT+BOTH TRY +CHEER UP+NOT FIT SOO MUCHXXLOVE U LOCAXX\""""",ham,ham,True
Anything lor if they all go then i go lor...,ham,ham,True
An excellent thought by a misundrstud frnd: I knw u hate me bt the day wen u'll knw the truth u'll hate urself:-( Gn:-),ham,ham,True
"Nah man, my car is meant to be crammed full of people",ham,ham,True
"Congratulations - Thanks to a good friend U have WON the å£2,000 Xmas prize. 2 claim is easy, just call 08712103738 NOW! Only 10p per minute. BT-national-rate",spam,spam,True
Hey come online! Use msn... We are all there,ham,ham,True
ringtoneking 84484,spam,ham,False
Nokia phone is lovly..,ham,spam,False
"Hey. What happened? U switch off ur cell d whole day. This isnt good. Now if u do care, give me a call tomorrow.",ham,ham,True
"Trust me. Even if isn't there, its there.",ham,ham,True
I though we shd go out n have some fun so bar in town or something ÛÒ sound ok?,ham,ham,True
Not tonight mate. Catching up on some sleep. This is my new number by the way. ,ham,ham,True
"Ok., is any problem to u frm him? Wats matter?",ham,ham,True
Havent stuck at orchard in my dad's car. Going 4 dinner now. U leh? So r they free tonight?,ham,ham,True
"Aight, we'll head out in a few",ham,ham,True
I dont know ask to my brother. Nothing problem some thing that. Just i told .,ham,ham,True
Re your call; You didn't see my facebook huh?,ham,ham,True
I'm not coming home 4 dinner.,ham,ham,True
Dear Voucher Holder 2 claim your 1st class airport lounge passes when using Your holiday voucher call 08704439680. When booking quote 1st class x 2,spam,spam,True
Tomorrow i am not going to theatre. . . So i can come wherever u call me. . . Tell me where and when to come tomorrow,ham,ham,True
In meeting da. I will call you,ham,ham,True
"Gal n boy walking in d park. gal-can i hold ur hand? boy-y? do u think i would run away? gal-no, jst wana c how it feels walking in heaven with an prince..GN:-)",ham,ham,True
That is wondarfull song,ham,ham,True
Yetunde i'm in class can you not run water on it to make it ok. Pls now.,ham,ham,True
Just wait till end of march when el nino gets himself. Oh.,ham,ham,True
Then what about further plan?,ham,ham,True
Hmm...my uncle just informed me that he's paying the school directly. So pls buy food.,ham,ham,True
K then 2marrow are you coming to class.,ham,ham,True
My uncles in Atlanta. Wish you guys a great semester.,ham,ham,True
December only! Had your mobile 11mths+? You are entitled to update to the latest colour camera mobile for Free! Call The Mobile Update Co FREE on 08002986906,spam,spam,True
Guai... ÌÏ shd haf seen him when he's naughty... ÌÏ so free today? Can go jogging...,ham,ham,True
SMS AUCTION - A BRAND NEW Nokia 7250 is up 4 auction today! Auction is FREE 2 join & take part! Txt NOKIA to 86021 now! HG/Suite342/2Lands Row/W1J6HL,spam,spam,True
"You are being contacted by our dating service by someone you know! To find out who it is, call from a land line 09050000878. PoBox45W2TG150P",spam,spam,True
I would but I'm still cozy. And exhausted from last night.nobody went to school or work. Everything is closed.,ham,ham,True
Would me smoking you out help us work through this difficult time,ham,ham,True
URGENT! Your Mobile number has been awarded with a å£2000 prize GUARANTEED. Call 09061790121 from land line. Claim 3030. Valid 12hrs only 150ppm,spam,spam,True
"The last thing i ever wanted to do was hurt you. And i didn't think it would have. You'd laugh, be embarassed, delete the tag and keep going. But as far as i knew, it wasn't even up. The fact that you even felt like i would do it to hurt you shows you really don't know me at all. It was messy wednesday, but it wasn't bad. The problem i have with it is you HAVE the time to clean it, but you choose not to. You skype, you take pictures, you sleep, you want to go out. I don't mind a few things here and there, but when you don't make the bed, when you throw laundry on top of it, when i can't have a friend in the house because i'm embarassed that there's underwear and bras strewn on the bed, pillows on the floor, that's something else. You used to be good about at least making the bed.",ham,ham,True
Tell your friends what you plan to do on Valentines day @ &lt;URL&gt;,ham,ham,True
"Sorry, got a late start, we're on the way",ham,ham,True
Actually i deleted my old website..now i m blogging at magicalsongs.blogspot.com,ham,ham,True
<Forwarded from 88877>FREE entry into our å£250 weekly comp just send the word ENTER to 88877 NOW. 18 T&C www.textcomp.com,spam,spam,True
Ok no prob... I'll come after lunch then...,ham,ham,True
No problem. We will be spending a lot of quality time together...,ham,ham,True
Are you available for soiree on June 3rd?,ham,ham,True
I'm at home n ready...,ham,ham,True
I don wake since. I checked that stuff and saw that its true no available spaces. Pls call the embassy or send a mail to them.,ham,ham,True
"Urgent Urgent! We have 800 FREE flights to Europe to give away, call B4 10th Sept & take a friend 4 FREE. Call now to claim on 09050000555. BA128NNFWFLY150ppm",spam,spam,True
\HEY BABE! FAR 2 SPUN-OUT 2 SPK AT DA MO... DEAD 2 DA WRLD. BEEN SLEEPING ON DA SOFA ALL DAY,ham,ham,True
"Aight, let me know when you're gonna be around usf",ham,ham,True
"Hi, wkend ok but journey terrible. Wk not good as have huge back log of marking to do",ham,ham,True
Are you not around or just still asleep? :V,ham,ham,True
I am back. Bit long cos of accident on a30. Had to divert via wadebridge.I had a brilliant weekend thanks. Speak soon. Lots of love,ham,ham,True
"You have been specially selected to receive a \3000 award! Call 08712402050 BEFORE the lines close. Cost 10ppm. 16+. T&Cs apply. AG Promo""",spam,spam,True
Juz go google n search 4 qet...,ham,ham,True
Well I wasn't available as I washob nobbing with last night so they had to ask Nickey Platt instead of me!;,ham,ham,True
"Hi, wlcome back, did wonder if you got eaten by a lion or something, nothing much",ham,ham,True
"Thanks for your ringtone order, reference number X29. Your mobile will be charged 4.50. Should your tone not arrive please call customer services 09065989180",spam,spam,True
It has issues right now. Ill fix for her by tomorrow.,ham,ham,True
Ok. I asked for money how far,ham,ham,True
I am sorry it hurt you.,ham,ham,True
"Alright we're hooked up, where you guys at",ham,ham,True
All done? All handed in? Celebrations in full swing yet?,ham,ham,True
"Congrats 2 mobile 3G Videophones R yours. call 09063458130 now! videochat wid ur mates, play java games, Dload polypH music, noline rentl. bx420. ip4. 5we. 150p",spam,spam,True
I have no idea where you are,ham,ham,True
have got * few things to do. may be in * pub later.,ham,ham,True
Mm you ask him to come its enough :-),ham,ham,True
Take something for pain. If it moves however to any side in the next 6hrs see a doctor.,ham,ham,True
K k :-):-) then watch some films.,ham,ham,True
Thanks for being there for me just to talk to on saturday. You are very dear to me. I cherish having you as a brother and role model.,ham,ham,True
Lmao!nice 1,ham,ham,True
I am not sure about night menu. . . I know only about noon menu,ham,ham,True
I just cooked a rather nice salmon a la you,ham,ham,True
Hey.. Something came up last min.. Think i wun be signing up tmr.. Hee,ham,ham,True
Today my system sh get ready.all is well and i am also in the deep well,ham,ham,True
No shoot me. I'm in the docs waiting room. :/,ham,ham,True
Dont talk to him ever ok its my word.,ham,ham,True
Ok then i'll let him noe later n ask him call u tmr...,ham,ham,True
Takin a shower now but yeah I'll leave when I'm done,ham,ham,True
So Ì_'ll be submitting da project tmr rite?,ham,ham,True
Customer service annoncement. You have a New Years delivery waiting for you. Please call 07046744435 now to arrange delivery,spam,spam,True
PLEASSSSSSSEEEEEE TEL ME V AVENT DONE SPORTSx,ham,ham,True
ÌÏ wait 4 me in sch i finish ard 5..,ham,ham,True
What should i eat fo lunch senor,ham,ham,True
Congratulations ore mo owo re wa. Enjoy it and i wish you many happy moments to and fro wherever you go,ham,ham,True
From someone not to smoke when every time I've smoked in the last two weeks is because of you calling or texting me that you wanted to smoke,ham,ham,True
You do got a shitload of diamonds though,ham,ham,True
"Got fujitsu, ibm, hp, toshiba... Got a lot of model how to say...",ham,ham,True
"Sir, I need AXIS BANK account no and bank address.",ham,ham,True
"Mmmmm ... It was sooooo good to wake to your words this morning, my Love!! Mmmm fuck ... I love you too, my Lion ... *devouring kiss from across the sea*",ham,ham,True
"Got hella gas money, want to go on a grand nature adventure with galileo in a little bit?",ham,ham,True
"Claim a 200 shopping spree, just call 08717895698 now! Have you won! MobStoreQuiz10ppm",spam,spam,True
"Ya ok, then had dinner?",ham,ham,True
U in town alone?,ham,ham,True
I guess it is useless calling u 4 something important.,ham,ham,True
We have to pick rayan macleran there.,ham,ham,True
Usually the person is unconscious that's in children but in adults they may just behave abnormally. I.ll call you now,ham,ham,True
Thanks for your message. I really appreciate your sacrifice. I'm not sure of the process of direct pay but will find out on my way back from the test tomorrow. I'm in class now. Do have a wonderful day.,ham,ham,True
Okie Ì_ wan meet at bishan? Cos me at bishan now. I'm not driving today.,ham,ham,True
Great NEW Offer - DOUBLE Mins & DOUBLE Txt on best Orange tariffs AND get latest camera phones 4 FREE! Call MobileUpd8 free on 08000839402 NOW! or 2stoptxt T&Cs,spam,spam,True
So there's a ring that comes with the guys costumes. It's there so they can gift their future yowifes. Hint hint,ham,ham,True
"There'll be a minor shindig at my place later tonight, you interested?",ham,ham,True
1's finish meeting call me.,ham,ham,True
In da car park ,ham,ham,True
Anything lar...,ham,ham,True
"He said that he had a right giggle when he saw u again! You would possibly be the first person2die from NVQ, but think how much you could for! ",ham,ham,True
EASTENDERS TV Quiz. What FLOWER does DOT compare herself to? D= VIOLET E= TULIP F= LILY txt D E or F to 84025 NOW 4 chance 2 WIN å£100 Cash WKENT/150P16+,spam,spam,True
"FREE NOKIA Or Motorola with upto 12mths 1/2price linerental, 500 FREE x-net mins&100txt/mth FREE B'tooth*. Call Mobileupd8 on 08001950382 or call 2optout/D3WV",spam,spam,True
Then u drive lor.,ham,ham,True
"YOU 07801543489 are guaranteed the latests Nokia Phone, a 40GB iPod MP3 player or a å£500 prize! Txt word:COLLECT to No:83355! TC-LLC NY-USA 150p/Mt msgrcvd18+",spam,spam,True
WE REGRET TO INFORM U THAT THE NHS HAS MADE A MISTAKE.U WERE NEVER ACTUALLY BORN.PLEASE REPORT 2 YOR LOCAL HOSPITAL 2B TERMINATED.WE R SORRY 4 THE INCONVENIENCE,ham,ham,True
You please give us connection today itself before  &lt;DECIMAL&gt;  or refund the bill,ham,ham,True
Orh i tot u say she now still dun believe.,ham,ham,True
"Fuck babe, I miss you sooooo much !! I wish you were here to sleep with me ... My bed is so lonely ... I go now, to sleep ... To dream of you, my love ...",ham,ham,True
Simply sitting and watching match in office..,ham,ham,True
"Garbage bags, eggs, jam, bread, hannaford wheat chex",ham,ham,True
So what about you. What do you remember,ham,ham,True
"Erm Û_ ill pick you up at about 6.45pm. That'll give enough time to get there, park and that.",ham,ham,True
Ok. I.ll do you right later.,ham,ham,True
Unless it's a situation where YOU GO GURL would be more appropriate,ham,ham,True
How dare you stupid. I wont tell anything to you. Hear after i wont talk to you:-.,ham,ham,True
K..k.:)congratulation ..,ham,ham,True
Yes just finished watching days of our lives. I love it.,ham,ham,True
I'm sick !! I'm needy !! I want you !! *pouts* *stomps feet* Where are you ?! *pouts* *stomps feet* I want my slave !! I want him now !!,ham,ham,True
Yup Ì_ not comin :-(,ham,ham,True
"Sorry I missed you babe. I was up late and slept in. I hope you enjoy your driving lesson, boytoy. I miss you too ... *teasing kiss*",ham,ham,True
Thanks 4 your continued support Your question this week will enter u in2 our draw 4 å£100 cash. Name the NEW US President? txt ans to 80082,spam,spam,True
"Hello, my love! How goes that day ? I wish your well and fine babe and hope that you find some job prospects. I miss you, boytoy ... *a teasing kiss*",ham,ham,True
Now got tv 2 watch meh? U no work today?,ham,ham,True
"Hello, yeah i've just got out of the bath and need to do my hair so i'll come up when i'm done, yeah?",ham,ham,True
You are a winner you have been specially selected to receive å£1000 cash or a å£2000 award. Speak to a live operator to claim call 087147123779am-7pm. Cost 10p,spam,spam,True
"Don't worry, * is easy once have ingredients!",ham,ham,True
Juz now havent woke up so a bit blur blur... Can? Dad went out liao... I cant cum now oso...,ham,ham,True
Ee msg na poortiyagi odalebeku: Hanumanji 7 name 1-Hanuman 2-Bajarangabali 3-Maruti 4-Pavanaputra 5-Sankatmochan 6-Ramaduth 7-Mahaveer ee 7 name  &lt;#&gt;  janarige ivatte kalisidare next saturday olage ondu good news keluviri...! Maretare inde 1 dodda problum nalli siguviri idu matra  &lt;#&gt; % true.. Don't neglet.,ham,ham,True
You're not sure that I'm not trying to make xavier smoke because I don't want to smoke after being told I smoke too much?,ham,ham,True
I can do that! I want to please you both inside and outside the bedroom...,ham,ham,True
What's up my own oga. Left my phone at home and just saw ur messages. Hope you are good. Have a great weekend.,ham,ham,True
Here is your discount code RP176781. To stop further messages reply stop. www.regalportfolio.co.uk. Customer Services 08717205546,spam,spam,True
Where is that one day training:-),ham,ham,True
Heart is empty without love.. Mind is empty without wisdom.. Eyes r empty without dreams &amp; Life is empty without frnds.. So Alwys Be In Touch. Good night &amp; sweet dreams,ham,ham,True
Have a good evening! Ttyl,ham,ham,True
Nobody names their penis a girls name this story doesn't add up at all,ham,ham,True
Send a logo 2 ur lover - 2 names joined by a heart. Txt LOVE NAME1 NAME2 MOBNO eg LOVE ADAM EVE 07123456789 to 87077 Yahoo! POBox36504W45WQ TxtNO 4 no ads 150p,spam,spam,True
Any pain on urination any thing else?,ham,ham,True
There's someone here that has a year  &lt;#&gt;  toyota camry like mr olayiwola's own. Mileage is  &lt;#&gt; k.its clean but i need to know how much will it sell for. If i can raise the dough for it how soon after landing will it sell. Holla back.,ham,ham,True
"Sir, hope your day is going smoothly. i really hoped i wont have to bother you about this. I have some bills that i can't settle this month. I am out of all extra cash. I know this is a challenging time for you also but i have to let you know.",ham,ham,True
Hi! You just spoke to MANEESHA V. We'd like to know if you were satisfied with the experience. Reply Toll Free with Yes or No.,ham,spam,False
No..jst change tat only..,ham,ham,True
A lot of this sickness thing going round. Take it easy. Hope u feel better soon. Lol,ham,ham,True
Your pussy is perfect!,ham,ham,True
"That's what I love to hear :V see you sundayish, then",ham,ham,True
"Coffee cake, i guess...",ham,ham,True
Ooooooh I forgot to tell u I can get on yoville on my phone,ham,ham,True
"\Hi darlin did youPhone me? Im atHome if youwanna chat.\""""",ham,ham,True
URGENT! Your Mobile number has been awarded with a å£2000 Bonus Caller Prize. Call 09058095201 from land line. Valid 12hrs only,spam,spam,True
"not that I know of, most people up here are still out of town",ham,ham,True
Yeah. I got a list with only u and Joanna if I'm feeling really anti social,ham,ham,True
"Thk shld b can... Ya, i wana go 4 lessons... Haha, can go for one whole stretch...",ham,ham,True
Actually getting ready to leave the house.,ham,ham,True
PICK UR FONE UP NOW U DUMB?,ham,ham,True
Y bishan lei... I tot Ì_ say lavender? ,ham,ham,True
Yo im right by yo work,ham,ham,True
LMAO where's your fish memory when I need it?,ham,ham,True
"Hmm, too many of them unfortunately... Pics obviously arent hot cakes. Its kinda fun tho",ham,ham,True
Yeh. Indians was nice. Tho it did kane me off a bit he he. We shud go out 4 a drink sometime soon. Mite hav 2 go 2 da works 4 a laugh soon. Love Pete x x,ham,ham,True
Ok lor wat time Ì_ finish?,ham,ham,True
"Thanks again for your reply today. When is ur visa coming in. And r u still buying the gucci and bags. My sister things are not easy, uncle john also has his own bills so i really need to think about how to make my own money. Later sha.",ham,ham,True
:-) :-),ham,ham,True
Are we doing the norm tomorrow? I finish just a 4.15 cos of st tests. Need to sort library stuff out at some point tomo - got letter from today - access til end march so i better get move on!,ham,ham,True
URGENT We are trying to contact you Last weekends draw shows u have won a å£1000 prize GUARANTEED Call 09064017295 Claim code K52 Valid 12hrs 150p pm,spam,spam,True
"\HELLO U.CALL WEN U FINISH WRK.I FANCY MEETIN UP WIV U ALL TONITE AS I NEED A BREAK FROM DABOOKS. DID 4 HRS LAST NITE+2 TODAY OF WRK!\""""",ham,ham,True
Too late. I said i have the website. I didn't i have or dont have the slippers,ham,ham,True
"Aight no rush, I'll ask jay",ham,ham,True
Burger King - Wanna play footy at a top stadium? Get 2 Burger King before 1st Sept and go Large or Super with Coca-Cola and walk out a winner,spam,ham,False
"\Hi missed your Call and my mumHas beendropping red wine all over theplace! what is your adress?\""""",ham,ham,True
Enjoy ur life. . Good night,ham,ham,True
No. Did you multimedia message them or e-mail?,ham,ham,True
ALRITE,ham,ham,True
Eek that's a lot of time especially since American Pie is like 8 minutes long. I can't stop singing it.,ham,ham,True
"Our dating service has been asked 2 contact U by someone shy! CALL 09058091870 NOW all will be revealed. POBox84, M26 3UZ 150p",spam,spam,True
Yar... I tot u knew dis would happen long ago already.,ham,ham,True
"Good FRIENDS CaRE for each Other.. CLoSE Friends UNDERSTaND each Other... and TRUE Friends STaY forever beyond words, beyond time. Gud ni8",ham,ham,True
No need lar. Jus testing e phone card. Dunno network not gd i thk. Me waiting 4 my sis 2 finish bathing so i can bathe. Dun disturb u liao u cleaning ur room.,ham,ham,True
"Ooh, 4got, i'm gonna start belly dancing in moseley weds 6.30 if u want 2 join me, they have a cafe too. ",ham,ham,True
"Aldrine, rakhesh ex RTM here.pls call.urgent.",ham,ham,True
Good words.... But words may leave u in dismay many times.,ham,ham,True
Did u receive my msg?,ham,spam,False
 what number do u live at? Is it 11?,ham,ham,True
That means get the door,ham,ham,True
Yes..gauti and sehwag out of odi series.,ham,ham,True
R we going with the  &lt;#&gt;  bus?,ham,ham,True
"Dear Voucher Holder, To claim this weeks offer, at you PC please go to http://www.e-tlp.co.uk/reward. Ts&Cs apply.",spam,spam,True
We are both fine. Thanks,ham,ham,True
Mind blastin.. No more Tsunamis will occur from now on.. Rajnikant stopped swimming in Indian Ocean..:-D,ham,ham,True
"Night has ended for another day, morning has come in a special way. May you smile like the sunny rays and leaves your worries at the blue blue bay.",ham,ham,True
WINNER!! As a valued network customer you have been selected to receivea å£900 prize reward! To claim call 09061701461. Claim code KL341. Valid 12 hours only.,spam,spam,True
Hello! How r u? Im bored. Inever thought id get bored with the tv but I am. Tell me something exciting has happened there? Anything! =/,ham,ham,True
I will reach before ten morning,ham,ham,True
Is avatar supposed to have subtoitles,ham,ham,True
I hope you arnt pissed off but id would really like to see you tomorrow. Love me xxxxxxxxxxxxxX,ham,ham,True
Taka lor. Wat time u wan 2 come n look 4 us?,ham,ham,True
"Aight will do, thanks again for comin out",ham,ham,True
"I can't, I don't have her number!",ham,ham,True
Then we gotta do it after that,ham,ham,True
Kallis is ready for bat in 2nd innings,ham,ham,True
"Hello, my boytoy! I made it home and my constant thought is of you, my love. I hope your having a nice visit but I can't wait till you come home to me ...*kiss*",ham,ham,True
"Argh my 3g is spotty, anyway the only thing I remember from the research we did was that province and sterling were the only problem-free places we looked at",ham,ham,True
"Sir, I need Velusamy sir's date of birth and company bank facilities details.",ham,ham,True
Want to send me a virtual hug?... I need one,ham,ham,True
Do well :)all will for little time. Thing of good times ahead:,ham,ham,True
"Bored of speed dating? Try SPEEDCHAT, txt SPEEDCHAT to 80155, if you don't like em txt SWAP and get a new chatter! Chat80155 POBox36504W45WQ 150p/msg rcd 16",spam,spam,True
Ay wana meet on sat?Ì_ wkg on sat?,ham,ham,True
Congratulations ur awarded either å£500 of CD gift vouchers & Free entry 2 our å£100 weekly draw txt MUSIC to 87066 TnCs www.Ldew.com1win150ppmx3age16,spam,spam,True
"Just got some gas money, any chance you and the gang want to go on a grand nature adventure?",ham,ham,True
"Dear relieved of westonzoyland, all going to plan this end too!",ham,ham,True
